places/id	places/internationalPhoneNumber	places/location/latitude	places/location/longitude	places/rating	places/regularOpeningHours/weekdayDescriptions/0	places/regularOpeningHours/weekdayDescriptions/1	places/regularOpeningHours/weekdayDescriptions/2	places/regularOpeningHours/weekdayDescriptions/3	places/regularOpeningHours/weekdayDescriptions/4	places/regularOpeningHours/weekdayDescriptions/5	places/regularOpeningHours/weekdayDescriptions/6	places/userRatingCount	places/displayName/text	places/displayName/languageCode	places/primaryType	places/priceLevel
osm_node_382645390		41.4341811	22.0206156										Јава		cafe	
osm_node_382650535		41.4372049	22.0110153										Total		cafe	
osm_node_382650733		41.437027	22.0110601										Roma		cafe	
osm_node_386703438		41.4352466	22.0131384										Blue Cafe		cafe	
osm_node_386704854		41.4398268	22.0104295										Picaso		cafe	
osm_node_411008299		41.9948867	21.4232268										Benneton		cafe	
osm_node_411008532		41.9948604	21.4230113										AMG		cafe	
osm_node_411009859		41.9955693	21.4253358										Strip		cafe	
osm_node_411634097		41.3679722	21.2483529										Олд Скул	en	cafe	
osm_node_414619173		41.5069813	21.2168806										First		cafe	
osm_node_414619174		41.5067247	21.2163903										Кафе Бар Ш	en	cafe	
osm_node_414620827		41.5133537	21.2165604										Kardinal		cafe	
osm_node_441057694		42.0051951	21.4081572										Fresh Kantina		cafe	
osm_node_444537208		41.9173917	22.4105571										Класик	en	cafe	
osm_node_444537212		41.9176649	22.4107281										Delikates Cafe		cafe	
osm_node_459670767		41.9952588	21.4309529		Monday: 08:00-23:00	Tuesday: 08:00-23:00	Wednesday: 08:00-23:00	Thursday: 08:00-23:00	Friday: 08:00-23:00	Saturday: 08:00-23:00	Sunday: 08:00-23:00		Caffe Skopje		cafe	
osm_node_459673240		41.9934306	21.4162239										9		cafe	
osm_node_459752642		41.9984414	21.4373453										Bistro Opera Pub		cafe	
osm_node_459801246		42.0031973	21.400023										Мартини		cafe	
osm_node_459802458		42.0047028	21.4159604										Бугати	en	cafe	
osm_node_461659372		41.4389263	22.6389491										City Cafe		cafe	
osm_node_461659456		41.4390994	22.6390517										Inside Cafe		cafe	
osm_node_461659572		41.4390286	22.6390002										Inside Cafe		cafe	
osm_node_470029606		42.2056104	22.3362079		Monday: 09:00-01:00	Tuesday: 09:00-01:00	Wednesday: 09:00-01:00	Thursday: 09:00-01:00	Friday: 09:00-01:00	Saturday: 09:00-01:00	Sunday: 09:00-01:00		Galerija		cafe	
osm_node_470029612		42.2058845	22.3365517		Monday: 08:00-01:00	Tuesday: 08:00-01:00	Wednesday: 08:00-01:00	Thursday: 08:00-01:00	Friday: 08:00-01:00	Saturday: 08:00-01:00	Sunday: 08:00-01:00		Fashion cafe		cafe	
osm_node_482083934	+38975278487	41.3452345	21.5539309										Вирус	en	cafe	
osm_node_572386052		41.1776197	20.6763146										Leone		cafe	
osm_node_990397203		41.7427284	22.1926393										Angel's Caffe		cafe	
osm_node_1233405188		41.7381241	22.8383014										miss Stoun		cafe	
osm_node_1355292490		42.0009888	21.417262										Кафе Змија		cafe	
osm_node_1355306911		42.0007963	21.4175044										Кафе Филипос		cafe	
osm_node_1615830879		42.0034224	21.398346										Revija	en	cafe	
osm_node_1704390070		41.5108813	20.9568436										Republika		cafe	
osm_node_1752184797		41.997291	21.4091295										Кафе Ли	en	cafe	
osm_node_1762408159		42.13429	21.718448										Зафир		cafe	
osm_node_1762412847		42.134282	21.7189898		Monday: 09:00-18:00+	Tuesday: 09:00-18:00+	Wednesday: 09:00-18:00+	Thursday: 09:00-18:00+	Friday: 09:00-18:00+	Saturday: 09:00-18:00+	Sunday: 09:00-18:00+		Irish Pub		cafe	
osm_node_1762413887		42.1361779	21.7187383										Нама Кафе		cafe	
osm_node_1779783561		42.1341627	21.7189408										Франш		cafe	
osm_node_1828592889		41.5502944	21.9748986										Стоби	en	cafe	
osm_node_1850511008		42.0582551	21.4484										Royal		cafe	
osm_node_1850511013		42.060135	21.4502266										Шема		cafe	
osm_node_1851476126		41.9915282	21.4504664		Monday: 08:00-24:00, Fr,Sa 08:00-01:00	Tuesday: 08:00-24:00, Fr,Sa 08:00-01:00	Wednesday: 08:00-24:00, Fr,Sa 08:00-01:00	Thursday: 08:00-24:00, Fr,Sa 08:00-01:00			Sunday: 08:00-24:00, Fr,Sa 08:00-01:00		Смарт Кафе	en	cafe	
osm_node_1860365710		42.0026334	21.4644018										Аристократ кафе	en	cafe	
osm_node_1876583691		41.9896704	21.4768437		Monday: 11:00-24:00, Sa 11:00-01:00	Tuesday: 11:00-24:00, Sa 11:00-01:00	Wednesday: 11:00-24:00, Sa 11:00-01:00	Thursday: 11:00-24:00, Sa 11:00-01:00	Friday: 11:00-24:00, Sa 11:00-01:00		Sunday: 11:00-24:00, Sa 11:00-01:00		Top Foxx		cafe	
osm_node_1876584011		41.9894549	21.4758795		Monday: 09:00-21:00	Tuesday: 09:00-21:00	Wednesday: 09:00-21:00	Thursday: 09:00-21:00	Friday: 09:00-21:00	Saturday: 09:00-24:00	Sunday: 09:00-24:00		Кафе Мамбо		cafe	
osm_node_1995773090		42.1343519	21.7187933										Корзо		cafe	
osm_node_2054895230		41.9950653	21.4324491		Monday: 08:00-18:00	Tuesday: 08:00-18:00	Wednesday: 08:00-18:00	Thursday: 08:00-18:00	Friday: 08:00-18:00	Saturday: 08:00-18:00			Up Cafe		cafe	
osm_node_2183842282		41.1783994	20.6790916										EMPIRE		cafe	
osm_node_2298054794		42.0071574	21.3722969										Badu		cafe	
osm_node_2316137207		41.0275819	21.3364485		Monday: 08:00-24:00	Tuesday: 08:00-24:00	Wednesday: 08:00-24:00	Thursday: 08:00-24:00	Friday: 08:00-24:00	Saturday: 08:00-24:00	Sunday: 08:00-24:00		Кафе Пајтон	en	cafe	
osm_node_2316156266		41.0248295	21.337129										Cafe Bar Touch		cafe	
osm_node_2316156269		41.025684	21.336548										Art Cafе		cafe	
osm_node_2316156270		41.0247991	21.3365818										Globaltech		cafe	
osm_node_2316156281		41.0246301	21.336628										Internet Club Alex		cafe	
osm_node_2320912388		41.91759	22.4105004										Уни Пуб	en	cafe	
osm_node_2320912411		41.9175044	22.4105147										Пикадили	en	cafe	
osm_node_2330740196		41.3683984	21.248489										Планет	en	cafe	
osm_node_2377968940		41.1131665	20.7995188										Два бисера		cafe	
osm_node_2377968948		41.1131208	20.7992346										Milenium		cafe	
osm_node_2377969086		41.1130197	20.799142										Slavica Kafe		cafe	
osm_node_2377969191		41.1129743	20.7990978										Инстинкт	en	cafe	
osm_node_2377969197		41.1130834	20.7992077										Galerija		cafe	
osm_node_2377969339		41.1129098	20.799048										VLADI		cafe	
osm_node_2539581007		41.9734649	21.446234										Quatro Caffe		cafe	
osm_node_2539581507		41.9732771	21.4456656										Bass Cafe		cafe	
osm_node_2814545377		41.9956446	21.4309666		Monday: 08:00-23:00	Tuesday: 08:00-23:00	Wednesday: 08:00-23:00	Thursday: 08:00-23:00	Friday: 08:00-23:00	Saturday: 08:00-23:00	Sunday: 08:00-23:00		Боката	en	cafe	
osm_node_2893639221		42.0217484	22.5893701										Клиф	en	cafe	
osm_node_2893639222		42.0218468	22.5892057		Monday: 08:00-24:00	Tuesday: 08:00-24:00	Wednesday: 08:00-24:00	Thursday: 08:00-24:00	Friday: 08:00-24:00	Saturday: 08:00-24:00	Sunday: 08:00-24:00		Delirium		cafe	
osm_node_2905985815		42.021859	22.5900047		Monday: 08:00-24:00	Tuesday: 08:00-24:00	Wednesday: 08:00-24:00	Thursday: 08:00-24:00	Friday: 08:00-24:00	Saturday: 08:00-24:00	Sunday: 08:00-24:00		District Lounge Bar		cafe	
osm_node_2992591829		42.0017629	21.4370632		Monday: 08:00-23:00	Tuesday: 08:00-23:00	Wednesday: 08:00-23:00	Thursday: 08:00-23:00	Friday: 08:00-23:00	Saturday: 08:00-23:00	Sunday: 08:00-23:00		Mon Frere		cafe	
osm_node_3022305008		42.2022003	22.3355446		Monday: 08:00-01:00	Tuesday: 08:00-01:00	Wednesday: 08:00-01:00	Thursday: 08:00-01:00	Friday: 08:00-01:00	Saturday: 08:00-01:00	Sunday: 08:00-01:00		Select Caffe		cafe	
osm_node_3098482741		41.5092313	20.9586946										Cross Roads		cafe	
osm_node_3099553253		41.9608629	21.626797										Cafe-inn		cafe	
osm_node_3101725379		41.999241	21.4368849		Monday: 10:00-22:00	Tuesday: 10:00-22:00	Wednesday: 10:00-22:00	Thursday: 10:00-22:00	Friday: 10:00-22:00	Saturday: 10:00-22:00	Sunday: 10:00-22:00		Old Town		cafe	
osm_node_3101726037		42.0000003	21.4358699		Monday: 10:00-22:00	Tuesday: 10:00-22:00	Wednesday: 10:00-22:00	Thursday: 10:00-22:00	Friday: 10:00-22:00	Saturday: 10:00-22:00	Sunday: 10:00-22:00		Nargile Cafe		cafe	
osm_node_3103985004		41.9958677	21.4330712		Monday: 08:00-24:00	Tuesday: 08:00-24:00	Wednesday: 08:00-24:00	Thursday: 08:00-24:00	Friday: 08:00-24:00	Saturday: 08:00-24:00	Sunday: 08:00-24:00		Telekom Trend Lounge Bar		cafe	
osm_node_3162735662		41.638261	22.461401										Ti-Amo		cafe	
osm_node_3162751062		41.636975	22.462999										Virus		cafe	
osm_node_3187746716		41.639155	22.460143										Escape		cafe	
osm_node_3341289752		41.9951617	21.4308998		Monday: 08:00-24:00	Tuesday: 08:00-24:00	Wednesday: 08:00-24:00	Thursday: 08:00-24:00	Friday: 08:00-01:00	Saturday: 08:00-01:00			Кафетерија Бистро	en	cafe	
osm_node_3341289753		41.9938562	21.430365		Monday: 08:00-22:00	Tuesday: 08:00-22:00	Wednesday: 08:00-22:00	Thursday: 08:00-22:00	Friday: 08:00-22:00	Saturday: 08:00-22:00	Sunday: 08:00-22:00		Gnezdo		cafe	
osm_node_3341289786		41.9929591	21.4302551										Joy Café & Bakery		cafe	
osm_node_3341289790		41.9923772	21.4293734		Monday: 08:00-00:00	Tuesday: 08:00-00:00	Wednesday: 08:00-00:00	Thursday: 08:00-00:00	Friday: 08:00-01:00	Saturday: 08:00-01:00			Corsso		cafe	
osm_node_3506696093	+389 70 306 425	42.0043701	21.3906574						Friday: 08:00-01:00	Saturday: 08:00-01:00			Trend Food Bar	en	cafe	
osm_node_3660965814		41.0273541	21.334101										Cocktail Bar - Uno Mars		cafe	
osm_node_3663767991		42.0038265	21.415006		Monday: 07:30-24:00, Fr 07:30-01:00, Sa 08:00-01:00, Su 08:00-24:00	Tuesday: 07:30-24:00, Fr 07:30-01:00, Sa 08:00-01:00, Su 08:00-24:00	Wednesday: 07:30-24:00, Fr 07:30-01:00, Sa 08:00-01:00, Su 08:00-24:00	Thursday: 07:30-24:00, Fr 07:30-01:00, Sa 08:00-01:00, Su 08:00-24:00					The Gallery		cafe	
osm_node_3663767992		42.0039722	21.4151255										MonAmi		cafe	
osm_node_3663767994		42.0040547	21.415173										Жапон Кафе Бар	en	cafe	
osm_node_3663767995		42.0042809	21.4146731										Cafe Bela		cafe	
osm_node_3699303243		41.9669685	22.7757929										Apolon	en	cafe	
osm_node_3699303244		41.9671423	22.7772992										Валиум	en	cafe	
osm_node_3724711085		42.0060772	20.9633055		Monday: 07:00-23:30	Tuesday: 07:00-23:30	Wednesday: 07:00-23:30	Thursday: 07:00-23:30	Friday: 07:00-23:30	Saturday: 07:00-23:30	Sunday: 07:00-23:30		Amaretta (Red&Black)	en	cafe	
osm_node_3750783154		42.0038662	21.3921091										Play Cafe		cafe	
osm_node_3755532975		41.999411	21.4127725										Концепт37	en	cafe	
osm_node_3782619849		41.4404161	22.705281										Национал		cafe	
osm_node_3826400436		41.1127823	20.8023447										Plan B		cafe	
osm_node_3826400441		41.1124655	20.8021988										Mojito		cafe	
osm_node_3828431964		41.717722	21.7829849										Капри Кафе		cafe	
osm_node_4059907155		41.993734	21.4170905										Авантура		cafe	
osm_node_4154573089	072545050	41.999321	20.9619853		Monday: 10:00-22:00	Tuesday: 10:00-22:00	Wednesday: 10:00-22:00	Thursday: 10:00-22:00	Friday: 10:00-22:00	Saturday: 10:00-22:00	Sunday: 10:00-22:00		Riva Caffè		cafe	
osm_node_4161400696		41.886544	22.5058453										Pancir Cafe		cafe	
osm_node_4161427291		41.8865523	22.50587										Панцир Кафе		cafe	
osm_node_4183580089		41.960785	21.6276884										Cakes & Bakes		cafe	
osm_node_4190199691		42.0073312	20.971694										Maroon Bar		cafe	
osm_node_4225448689		42.0151641	21.3990452										Tonnis Bakeri		cafe	
osm_node_4228828360		42.0137478	21.404147										Coffeeshop Company lounge	en	cafe	
osm_node_4229063003		41.7939504	20.9079995										Liquid		cafe	
osm_node_4233194691		42.0433297	21.3418406										Makreshanki		cafe	
osm_node_4234144690		41.9984995	21.4168806										Belier		cafe	
osm_node_4240294389		41.73738	22.1938869										Vami Cafe 1		cafe	
osm_node_4247226994		42.0048738	21.3910392										Juicy and Co		cafe	
osm_node_4247663989		41.8009922	20.9049674										Dani		cafe	
osm_node_4267660937		42.0040789	20.989483										Aksaraj		cafe	
osm_node_4290842764		41.8060047	20.8982089										Чајџилница кај Басто		cafe	
osm_node_4290866991		41.7929887	20.9113126										Чајџилница кај Гоце 		cafe	
osm_node_4304451302		41.9994346	21.4367789										Clique Bar		cafe	
osm_node_4327921320		42.0033204	21.3981384										Prikazna		cafe	
osm_node_4338183694		41.8299622	20.8840093										Elfat		cafe	
osm_node_4338236490		41.8413949	20.8857573										Nebi		cafe	
osm_node_4356215591		41.7388923	22.1957213										Нова Кафе		cafe	
osm_node_4375519489		41.9726889	21.4450722		Monday: 10:00-00:00	Tuesday: 10:00-00:00	Wednesday: 10:00-00:00	Thursday: 10:00-00:00	Friday: 10:00-00:00	Saturday: 10:00-00:00	Sunday: 10:00-00:00		Гет Кафе	en	cafe	
osm_node_4411037105		41.0287602	21.3356196										Millennium Cafe	en	cafe	
osm_node_4411037106		41.0285753	21.3357344										Игучи	en	cafe	
osm_node_4411107891		41.0285254	21.3359033										Ин Кафе	en	cafe	
osm_node_4411125496		41.0284799	21.3359314										Portal 2 Cafe	en	cafe	
osm_node_4414571689		41.0240156	21.3366672										Јагода	en	cafe	
osm_node_4430465597		42.0012645	20.9518032		Monday: 10:00-22:00	Tuesday: 10:00-22:00	Wednesday: 10:00-22:00	Thursday: 10:00-22:00	Friday: 10:00-22:00	Saturday: 10:00-22:00	Sunday: 10:00-22:00		Беко Кафе	en	cafe	
osm_node_4433338390		41.116952	20.7984934										Çajtorja Luan	en	cafe	
osm_node_4450584489		41.8333963	20.9685294										Алфа		cafe	
osm_node_4480834091		41.7138225	21.7870287										Kafe slatkarnica Turist		cafe	
osm_node_4484345091		41.140319	22.5047905		Monday: 09:00-01:00	Tuesday: 09:00-01:00	Wednesday: 09:00-01:00	Thursday: 09:00-01:00	Friday: 09:00-01:00	Saturday: 09:00-01:00	Sunday: 09:00-01:00		Бариста	en	cafe	
osm_node_4502456690		41.9405207	20.9268824										Cine 501	en	cafe	
osm_node_4502463689		41.9403239	20.9267987										Sharr 71	en	cafe	
osm_node_4502488291		41.9427811	20.9277266										Mujo	en	cafe	
osm_node_4511016243		42.0436939	21.2795514										БАМИЛА	en	cafe	
osm_node_4516027391		41.9919726	21.4496023		Monday: 08:00-24:00, Fr,Sa 08:00-01:00, Su 11:00-24:00	Tuesday: 08:00-24:00, Fr,Sa 08:00-01:00, Su 11:00-24:00	Wednesday: 08:00-24:00, Fr,Sa 08:00-01:00, Su 11:00-24:00	Thursday: 08:00-24:00, Fr,Sa 08:00-01:00, Su 11:00-24:00					Гет ланч бар		cafe	
osm_node_4568492595		41.7926594	20.9103122		Monday: 10:00-01:00	Tuesday: 10:00-01:00	Wednesday: 10:00-01:00	Thursday: 10:00-01:00	Friday: 10:00-01:00	Saturday: 10:00-01:00	Sunday: 10:00-01:00		Kaçamaku		cafe	
osm_node_4571573990		41.7098459	21.7686668										Дома		cafe	
osm_node_4586018591		41.4358281	22.0113116										Лего	en	cafe	
osm_node_4658223491		42.027601	21.5137772										Лав Фонтана	en	cafe	
osm_node_4753448921	+389 44 331 006	42.0075938	20.9713496		Monday: 07:00-00:00	Tuesday: 07:00-00:00	Wednesday: 07:00-00:00	Thursday: 07:00-00:00	Friday: 07:00-00:00	Saturday: 07:00-00:00	Sunday: 07:00-00:00		Garden Juice & Cake	en	cafe	
osm_node_4753448923		41.9916981	20.959919										M House		cafe	
osm_node_4753449021		42.0073693	20.9718414		Monday: 08:00-23:55	Tuesday: 08:00-23:55	Wednesday: 08:00-23:55	Thursday: 08:00-23:55	Friday: 08:00-23:55	Saturday: 08:00-23:55	Sunday: 08:00-23:55		Barcode	en	cafe	
osm_node_4753449022		42.0072505	20.9721424										Tantra	en	cafe	
osm_node_4753449121		41.9913951	20.9602672		Monday: 08:00-24:00	Tuesday: 08:00-24:00	Wednesday: 08:00-24:00	Thursday: 08:00-24:00	Friday: 08:00-24:00	Saturday: 08:00-24:00			Ultra	en	cafe	
osm_node_4846704245		41.9954521	21.4271773										Крин		cafe	
osm_node_4866008921	044334065	41.992301	20.9608123		Monday: 07:00-19:00	Tuesday: 07:00-19:00	Wednesday: 07:00-19:00	Thursday: 07:00-19:00	Friday: 07:00-19:00	Saturday: 07:00-19:00			Ток 2000	en	cafe	
osm_node_4910578221		42.0088358	20.9791319										Симпл Кафе	en	cafe	
osm_node_4915241021		42.0100196	20.9740134										Репаблик Кафе	en	cafe	
osm_node_4954778523		42.0609612	21.041931										Елита Кафе		cafe	
osm_node_4986311121		41.9884249	21.4527193										Astra Café	en	cafe	
osm_node_4988000122		41.6341662	22.4648163										Coffe House Downtown		cafe	
osm_node_5058440823		41.738556	22.1959414		Monday: 08:00-00:00	Tuesday: 08:00-00:00	Wednesday: 08:00-00:00	Thursday: 08:00-00:00	Friday: 08:00-01:00	Saturday: 08:00-01:00	Sunday: 08:00-00:00		Кофи Лаб	en	cafe	
osm_node_5062450021	+38978324244	42.0131776	21.4378942		Monday: 06:00-02:00	Tuesday: 06:00-02:00	Wednesday: 06:00-02:00	Thursday: 06:00-02:00	Friday: 06:00-02:00	Saturday: 06:00-02:00	Sunday: 06:00-02:00		Te Flladi		cafe	
osm_node_5110720231		42.0011325	21.4375923		Monday: 10:00-22:00	Tuesday: 10:00-22:00	Wednesday: 10:00-22:00	Thursday: 10:00-22:00	Friday: 10:00-22:00	Saturday: 10:00-22:00	Sunday: 10:00-22:00		Shisha	en	cafe	
osm_node_5124642221		42.0087006	20.9798693										Били Кафе	en	cafe	
osm_node_5176248987		41.9927714	21.4192046										Изи	en	cafe	
osm_node_5284221296		42.0013652	21.4216953										Laika		cafe	
osm_node_5333583388		42.0034483	21.3991821										Giovani	en	cafe	
osm_node_5407742721		41.4372542	22.6382644										BU Coffee to go		cafe	
osm_node_5570347724		41.8649667	20.8909814										Kafe Bar “Bonton”	en	cafe	
osm_node_5604182920		41.9986406	21.4253762										Mikel		cafe	
osm_node_5672631206		42.132763	21.7279322										Rafaela		cafe	
osm_node_5713714222		42.0229571	21.3885778										AvAv Dog Park		cafe	
osm_node_5772884451		42.1331153	21.7128683										Relax		cafe	
osm_node_5772884452		42.1333648	21.712736										Donita		cafe	
osm_node_5790395954		41.5129092	20.9632819										Kvadrat	en	cafe	
osm_node_5790395956		41.3462162	21.5548027										Alfa1		cafe	
osm_node_5836414523		41.1246421	20.8120095		Monday: 07:00-23:00	Tuesday: 07:00-23:00	Wednesday: 07:00-23:00	Thursday: 07:00-23:00	Friday: 07:00-23:00	Saturday: 07:00-23:00	Sunday: 07:00-23:00		Café Bistro		cafe	
osm_node_5841696956		41.9650706	21.3943099										Џус Бар - Милениумски крст	en	cafe	
osm_node_5841843563		41.9584291	21.2954402		Monday: 09:00-00:00	Tuesday: 09:00-00:00	Wednesday: 09:00-00:00	Thursday: 09:00-00:00	Friday: 09:00-00:00	Saturday: 09:00-00:00	Sunday: 09:00-00:00		Фреш	en	cafe	
osm_node_5859233985		42.0128215	21.4341981		Monday: 07:15-00:00	Tuesday: 07:15-00:00	Wednesday: 07:15-00:00	Thursday: 07:15-00:00	Friday: 07:15-00:00	Saturday: 07:15-00:00	Sunday: 07:15-00:00		Kandi	en	cafe	
osm_node_5863818383		42.0075662	20.9714342		Monday: 09:00-01:00	Tuesday: 09:00-01:00	Wednesday: 09:00-01:00	Thursday: 09:00-01:00	Friday: 09:00-01:00	Saturday: 09:00-01:00	Sunday: 09:00-01:00		Irish Pub		cafe	
osm_node_5865538987		41.346541	21.55497										Кафеин	en	cafe	
osm_node_5887799285		41.5129834	20.9600276										Romanse		cafe	
osm_node_5890717252		41.1073742	20.8071883										Liquid		cafe	
osm_node_5999496386		42.1325071	21.7173139										Julia		cafe	
osm_node_5999496486		42.1395687	21.6999903										Mocha Caffe		cafe	
osm_node_6018277485		41.9971825	21.4284228		Monday: 09:00-21:00	Tuesday: 09:00-21:00	Wednesday: 09:00-21:00	Thursday: 09:00-21:00	Friday: 09:00-21:00	Saturday: 09:00-21:00	Sunday: 09:00-21:00		Squeeze Me	en	cafe	
osm_node_6032865285		42.0002555	21.4361778		Monday: 10:00-22:00	Tuesday: 10:00-22:00	Wednesday: 10:00-22:00	Thursday: 10:00-22:00	Friday: 10:00-22:00	Saturday: 10:00-22:00	Sunday: 10:00-22:00		k8		cafe	
osm_node_6043902185		42.1381918	21.7241653										اخر نقطة تاع تران		cafe	
osm_node_6054032912		41.9970171	21.428439		Monday: 09:00-21:00	Tuesday: 09:00-21:00	Wednesday: 09:00-21:00	Thursday: 09:00-21:00	Friday: 09:00-21:00	Saturday: 09:00-21:00	Sunday: 09:00-21:00		Manda Coffee Bar		cafe	
osm_node_6054035625		41.9938504	21.4276852										Слаткарница Малага		cafe	
osm_node_6054048726		42.0003534	21.4158769										Paladin M		cafe	
osm_node_6054049813		41.9947238	21.4173314										Mezzo		cafe	
osm_node_6054050095		41.9980418	21.4244255		Monday: 08:00-01:00	Tuesday: 08:00-01:00	Wednesday: 08:00-01:00	Thursday: 08:00-01:00	Friday: 08:00-01:00	Saturday: 08:00-01:00	Sunday: 08:00-01:00		Spalato		cafe	
osm_node_6145381755		42.0030494	21.3994796										Sugarland		cafe	
osm_node_6149826387	0038975313833	41.4327076	22.6481556		Monday: 08:00-00:00	Tuesday: 08:00-00:00	Wednesday: 08:00-00:00	Thursday: 08:00-00:00	Friday: 08:00-00:00	Saturday: 08:00-00:00	Sunday: 08:00-00:00		Кафе за носење - Стори	en	cafe	
osm_node_6228007184		42.004566	21.393778										Krem		cafe	
osm_node_6307066053		42.0012294	21.423008										fourplay		cafe	
osm_node_6323363585		41.9157357	22.4123739										Кафе станица	en	cafe	
osm_node_6357926785		41.7926372	20.9059889										Кафе Клуб 97	en	cafe	
osm_node_6374712571	+389 2 307 6955	42.005579	21.4108992										Joy Café & Bakery (Karposh)		cafe	
osm_node_6451451785		41.9907255	21.4260361										Coffee O'Clock		cafe	
osm_node_6532695790		42.0065846	20.9615869										Saccaria		cafe	
osm_node_6577887485	+389 75 585 255	41.9992458	21.4263142		Monday: 09:00-17:00	Tuesday: 09:00-17:00	Wednesday: 09:00-17:00	Thursday: 09:00-17:00	Friday: 09:00-17:00				Веган365Кујна	en	cafe	
osm_node_6658556783		41.3462335	21.5548403										Amsterdam		cafe	
osm_node_6777937586		41.1167443	20.7986166										Çaytore Istanbul		cafe	
osm_node_6802029812		41.9974096	21.4297644		Monday: 09:00-22:00	Tuesday: 09:00-22:00	Wednesday: 09:00-22:00	Thursday: 09:00-22:00	Friday: 09:00-22:00	Saturday: 09:00-22:00	Sunday: 09:00-22:00		Home Brews		cafe	
osm_node_6814231792		41.9999671	21.4370091										Urban		cafe	
osm_node_6814246690		42.0003942	21.4364615		Monday: 08:00-18:00	Tuesday: 08:00-18:00	Wednesday: 08:00-18:00	Thursday: 08:00-18:00	Friday: 08:00-18:00	Saturday: 08:00-18:00			Coffe Tearoom Lachi		cafe	
osm_node_6814246723		41.999797	21.4373153		Monday: 10:00-22:00	Tuesday: 10:00-22:00	Wednesday: 10:00-22:00	Thursday: 10:00-22:00	Friday: 10:00-22:00	Saturday: 10:00-22:00	Sunday: 10:00-22:00		Bomonti		cafe	
osm_node_6815434688		41.9967222	21.4225095		Monday: 08:00-01:00	Tuesday: 08:00-01:00	Wednesday: 08:00-01:00	Thursday: 08:00-01:00	Friday: 08:00-01:00	Saturday: 08:00-01:00			Toto	en	cafe	
osm_node_6815559888		41.9981835	21.4234973		Monday: 08:00-00:00	Tuesday: 08:00-00:00	Wednesday: 08:00-00:00	Thursday: 08:00-00:00	Friday: 08:00-00:00	Saturday: 08:00-00:00	Sunday: 08:00-00:00		Shakespeare Cafe		cafe	
osm_node_6815925985		41.9974479	21.4223059										Juicy&co		cafe	
osm_node_6815931391		42.0023667	21.4222629										Majahh		cafe	
osm_node_6821158386		42.0030613	21.4385935		Monday: 09:00-21:00	Tuesday: 09:00-21:00	Wednesday: 09:00-21:00	Thursday: 09:00-21:00	Friday: 09:00-21:00	Saturday: 09:00-21:00	Sunday: 09:00-21:00		Kairo		cafe	
osm_node_6821158388		41.9940274	21.4304151		Monday: 08:00-22:00	Tuesday: 08:00-22:00	Wednesday: 08:00-22:00	Thursday: 08:00-22:00	Friday: 08:00-22:00	Saturday: 08:00-22:00	Sunday: 08:00-22:00		Coffee factory		cafe	
osm_node_6821158389		41.9924748	21.4300233		Monday: 09:00-21:00	Tuesday: 09:00-21:00	Wednesday: 09:00-21:00	Thursday: 09:00-21:00	Friday: 09:00-21:00	Saturday: 09:00-21:00	Sunday: 09:00-21:00		JJ&S		cafe	
osm_node_6821158686		41.9976507	21.434633		Monday: 11:00-23:00	Tuesday: 11:00-23:00	Wednesday: 11:00-23:00	Thursday: 11:00-23:00	Friday: 11:00-23:00	Saturday: 11:00-23:00	Sunday: 11:00-23:00		Mulliri		cafe	
osm_node_6821158695		41.9939851	21.430389		Monday: 09:00-21:00	Tuesday: 09:00-21:00	Wednesday: 09:00-21:00	Thursday: 09:00-21:00	Friday: 09:00-21:00	Saturday: 09:00-21:00	Sunday: 09:00-21:00		MIG		cafe	
osm_node_6827032732		42.0009497	21.438158		Monday: 09:00-21:00	Tuesday: 09:00-21:00	Wednesday: 09:00-21:00	Thursday: 09:00-21:00	Friday: 09:00-21:00	Saturday: 09:00-21:00	Sunday: 09:00-21:00		Gallery 7		cafe	
osm_node_6827074010		42.0027827	21.4402065										Sultan Kejf		cafe	
osm_node_6831648815		41.1134009	20.8043574		Monday: 08:00-24:00, Fr,Sa 08:00-01:00	Tuesday: 08:00-24:00, Fr,Sa 08:00-01:00	Wednesday: 08:00-24:00, Fr,Sa 08:00-01:00	Thursday: 08:00-24:00, Fr,Sa 08:00-01:00			Sunday: 08:00-24:00, Fr,Sa 08:00-01:00		Fabrique		cafe	
osm_node_6833103493		41.1163114	20.7998314										Una caffe		cafe	
osm_node_7068083385		41.7950145	20.8986224		Monday: 05:00-00:00	Tuesday: 05:00-00:00	Wednesday: 05:00-00:00	Thursday: 05:00-00:00	Friday: 05:00-00:00	Saturday: 05:00-00:00	Sunday: 05:00-00:00		Ирфан Кафе	en	cafe	
osm_node_7119714585		42.0019011	21.413452										Рузвелт	en	cafe	
osm_node_7139002050		41.9942246	21.5433045										Дени Интернационал		cafe	
osm_node_7373066578		41.7497668	22.2005392										Timeout		cafe	
osm_node_7677567993		41.2884762	21.4983581										Фреш		cafe	
osm_node_7714773224		41.5079104	20.9544522										Cafe City		cafe	
osm_node_7714773229		41.5093546	20.959545										Harely Bar		cafe	
osm_node_7714773230		41.5095992	20.96099										Coffee & Snack Bar Checkin		cafe	
osm_node_7806889866		42.0079719	20.974125		Monday: 08:00-23:00	Tuesday: 08:00-23:00	Wednesday: 08:00-23:00	Thursday: 08:00-23:00	Friday: 08:00-23:00	Saturday: 08:00-23:00	Sunday: 08:00-23:00		Playcademy		cafe	
osm_node_7836016447		41.8644909	21.9403876										Plaza Café		cafe	
osm_node_7836016448		41.8644634	21.9405999										Fenix Caffe		cafe	
osm_node_7841139205		41.8651235	21.9382664										Plan B		cafe	
osm_node_8016032986		42.1361939	21.7183287										LIFE coffee	en	cafe	
osm_node_8038054269		42.1298965	21.7185297										Park Cafe		cafe	
osm_node_8043798050	+38975545010	41.3330606	21.5555893		Monday: 08:00-00:00	Tuesday: 08:00-00:00	Wednesday: 08:00-00:00	Thursday: 08:00-00:00	Friday: 08:00-00:00	Saturday: 08:00-00:00			Кошница	en	cafe	
osm_node_8140186253		41.9174546	22.4105172										Меџик	en	cafe	
osm_node_8140186254		41.9176467	22.41051										Либеро	en	cafe	
osm_node_8140186255		41.9182427	22.4097224										Сити Ин	en	cafe	
osm_node_9163117743		41.998628	21.405925										Plato Coffee 2.0		cafe	
osm_node_9200216438		41.9949215	21.4245361										Lafe		cafe	
osm_node_9200216443		42.0010222	21.4355656										Coffee corner		cafe	
osm_node_9343950218		41.999678	20.9630425		Monday: 09:00-12:00	Tuesday: 09:00-12:00	Wednesday: 09:00-12:00	Thursday: 09:00-12:00	Friday: 09:00-12:00	Saturday: 09:00-12:00	Sunday: 09:00-12:00		Riva	en	cafe	
osm_node_9896205907		42.1408448	21.595604										"Caffe ""Te Sevda"""		cafe	
osm_node_9941969417		41.9994051	21.4181973		Monday: 07:30-22:00	Tuesday: 07:30-22:00	Wednesday: 07:30-22:00	Thursday: 07:30-22:00	Friday: 07:30-22:00	Saturday: 09:00-19:00			Здрава станица - Healthylicious		cafe	
osm_node_10127054248		41.3520707	21.5649755										База	en	cafe	
osm_node_10128016505	+38976586183	41.3443057	21.5403958										Бус Кафе	en	cafe	
osm_node_10128043281	+38970208343	41.3464149	21.5544327										Булевар	en	cafe	
osm_node_10154202724		42.0005653	21.4249735		Monday: 08:00-16:00	Tuesday: 08:00-16:00	Wednesday: 08:00-16:00	Thursday: 08:00-16:00	Friday: 08:00-16:00	Saturday: 10:00-18:00			Oui		cafe	
osm_node_10154507143		42.001355	21.4228689										Chloé Café		cafe	
osm_node_10166424964		41.0315088	21.3374842										Улаф СТЕ		cafe	
osm_node_10173265649		41.124673	20.8116379										К'ј шефон		cafe	
osm_node_10175250646		41.9962398	21.4425386										МКЦ		cafe	
osm_node_10175629933		41.9935433	21.4276847										Start Coffee		cafe	
osm_node_10177783533		41.885721	22.50867										Park Café		cafe	
osm_node_10204019564		41.175144	20.6789605										Кингстон		cafe	
osm_node_10204019569		41.1776395	20.6772961										Trendy		cafe	
osm_node_10925899444	070266633	41.9986082	21.4244305										Chloé coffee and juice		cafe	
osm_node_10937091007		41.1161448	20.8039309										The cups		cafe	
osm_node_10951438675	+38970773675	41.8447869	21.1047042		Monday: 08:00-00:00	Tuesday: 08:00-00:00	Wednesday: 08:00-00:00	Thursday: 08:00-00:00	Friday: 08:00-00:00	Saturday: 08:00-00:00			Guri.i.Kuq 1990		cafe	
osm_node_10951466151	+38971548228	41.8831867	21.1275339										Te Elmoo		cafe	
osm_node_10951511115		41.8454595	21.1080105		Monday: 09:00-00:00	Tuesday: 09:00-00:00	Wednesday: 09:00-00:00	Thursday: 09:00-00:00	Friday: 09:00-00:00	Saturday: 09:00-00:00	Sunday: 09:00-00:00		Euro Korab		cafe	
osm_node_10951513878	+38971230282	41.8846485	21.1249946										V.I.P Caffe SEMO		cafe	
osm_node_10961179066	+38976963872	41.9594714	21.4314746				Wednesday: 12:00-20:00	Thursday: 12:00-20:00	Friday: 12:00-20:00	Saturday: 12:00-20:00	Sunday: 12:00-20:00		Sun City Cafe		cafe	
osm_node_11004274805		41.1095652	20.8051647										Steve's coffee house		cafe	
osm_node_11065542367		41.1121157	20.7964436										Roastery coffee		cafe	
osm_node_11078283299		41.7025227	20.7580637										"Gostilnica ""Dva Sokola"""		cafe	
osm_node_11112647111		41.46784	21.1225555										Pod Chuka		cafe	
osm_node_11169756570		41.587817	21.0311745										Rinia		cafe	
osm_node_11217843459	+389 78 223441	41.9976775	21.4057194		Monday: 08:00-17:00	Tuesday: 08:00-17:00	Wednesday: 08:00-17:00	Thursday: 08:00-17:00	Friday: 08:00-17:00	Saturday: 09:00-15:00			Кафе „Дабов“	en	cafe	
osm_node_11238694742		41.1200917	20.8108157										Snack House		cafe	
osm_node_11244397487		41.7953598	20.9097436		Monday: 09:00-17:00	Tuesday: 09:00-17:00	Wednesday: 09:00-17:00	Thursday: 09:00-17:00	Friday: 09:00-17:00	Saturday: 09:00-17:00	Sunday: 09:00-17:00		ARI		cafe	
osm_node_11269165481		41.9949967	21.4334455										Bar coffee		cafe	
osm_node_11269216901		41.9946606	21.433573										Barista cafe		cafe	
osm_node_11277200371		41.9885078	21.4355427										Coffee Academy		cafe	
osm_node_11277527347		41.9996323	21.4372866										Kaimuck Coffee ʼN More		cafe	
osm_node_11277587625		41.9996406	21.4370077										Manuel Caffè		cafe	
osm_node_11530756954		41.1806223	22.7255347										Moon Bar		cafe	
osm_node_11770842892		42.0275314	21.5138285										Париз		cafe	
osm_node_11878650869		41.7061591	22.8567654										Life Café - Лајф Кафе		cafe	
osm_node_11884717367		41.8860766	22.5104123										Gala		cafe	
osm_node_12015515130		41.1133509	20.8016926										B.I.N.		cafe	
osm_node_12087095746		41.9961758	21.415319		Monday: 08:00-18:00	Tuesday: 08:00-18:00	Wednesday: 08:00-18:00	Thursday: 08:00-18:00	Friday: 08:00-18:00				Lusso Specialty Coffee		cafe	
osm_node_12087098097		41.9977822	21.4198495		Monday: 07:30-18:00, Sa 08:30-16:00, Su off	Tuesday: 07:30-18:00, Sa 08:30-16:00, Su off	Wednesday: 07:30-18:00, Sa 08:30-16:00, Su off	Thursday: 07:30-18:00, Sa 08:30-16:00, Su off	Friday: 07:30-18:00, Sa 08:30-16:00, Su off				The Dude Specialty Coffee		cafe	
osm_node_12110076863		42.002116	21.4264204		Monday: 08:00-18:00	Tuesday: 08:00-18:00	Wednesday: 08:00-18:00	Thursday: 08:00-18:00	Friday: 08:00-18:00	Saturday: 09:00-17:00	Sunday: 09:00-17:00		Lipa Cafe		cafe	
osm_node_12199134801		41.9834634	21.4549881										Кафе Аросто	en	cafe	
osm_node_12199270801		41.9876058	21.4510693										Кафе Блок	en	cafe	
osm_node_12202063201	070 270 599	42.000215	21.4251562										Кафе Само	en	cafe	
osm_node_12212416328		41.9925002	21.4290489		Monday: 07:30-18:00	Tuesday: 07:30-18:00	Wednesday: 07:30-18:00	Thursday: 07:30-18:00	Friday: 07:30-18:00	Saturday: 08:00-16:00	Sunday: Closed		Spot		cafe	
osm_node_12212434288		41.9952107	21.4292621										Стебло бар		cafe	
osm_node_12212485064		41.9944359	21.430643										Choco House		cafe	
osm_node_12215569201		41.9886541	21.4530304										Кафе Snooze	en	cafe	
osm_node_12216569180		41.9992816	21.4355249										Yoyo Park		cafe	
osm_node_12259590655		41.9604813	21.6269432										Cakes & Bakes		cafe	
osm_node_12312241861		42.0777139	22.181875										Art Caffe		cafe	
osm_node_12317916668		42.0781547	22.1817218										Tea by the Square		cafe	
osm_node_12318152808		42.0781547	22.1817218										Tea by the Square		cafe	
osm_node_12386742607	+38971326443	41.9844925	21.4522401		Monday: 10:00-17:00	Tuesday: 10:00-17:00	Wednesday: 10:00-17:00	Thursday: 10:00-17:00	Friday: 10:00-17:00	Saturday: 09:00-17:00	Sunday: 09:00-17:00		Café Duplo		cafe	
osm_node_12475912579		41.0257952	21.336567										Dobri Vibracii		cafe	
osm_node_12554892796		41.0897874	21.0125758										Млад Турист	en	cafe	
osm_node_12568187500		41.0225151	21.3320563										Рокси Кафе	en	cafe	
osm_node_12568242774		41.0911822	21.005307										Мил Пат	en	cafe	
osm_node_12613471665		41.9979089	21.4245548										Љубов	en	cafe	
osm_node_12650535541		41.9991187	21.4172295		Monday: 08:00-00:00	Tuesday: 08:00-00:00	Wednesday: 08:00-00:00	Thursday: 08:00-00:00	Friday: 08:00-00:00	Saturday: 08:00-00:00	Sunday: 08:00-00:00		Cafe Bar Che		cafe	
osm_node_12778397858		41.11324	20.8048261										Drop - coffee & snackbar		cafe	
osm_node_12870644098		41.9931483	21.4300613										Зен кафе (Zen Café)		cafe	
osm_node_12870832253		41.99403	21.4322334										Урбан Скопје	en	cafe	
osm_node_12877177701		41.9951068	21.4252942										Кафуле „Бианконери“	en	cafe	
osm_node_12878923981		41.979033	21.4384606										Академија		cafe	
osm_node_12912726596		41.0904724	21.0128845										Сквер Кафе	en	cafe	
osm_node_12912726597		41.0905352	21.0133338										Порта	en	cafe	
osm_node_12914286588		42.0012975	21.4366528										Oud		cafe	
osm_node_12914306661		42.001224	21.4367352										Cherry		cafe	
osm_node_12914312133		42.0012027	21.4366112										Filicori		cafe	
osm_node_12953934699		41.6104665	20.5995518		Monday: 08:00-23:00	Tuesday: 08:00-23:00	Wednesday: 08:00-23:00	Thursday: 08:00-23:00	Friday: 08:00-23:00	Saturday: 08:00-23:00	Sunday: 08:00-23:00		Boss		cafe	
osm_node_12953949362		41.610372	20.5995353										Red Café		cafe	
osm_node_12980106728	+38970900977	42.0380067	21.0053172										MOKITO		cafe	
osm_node_13076517986		41.983837	21.4678649		Monday: 09:00-22:00	Tuesday: 09:00-22:00	Wednesday: 09:00-22:00	Thursday: 09:00-22:00	Friday: 09:00-22:00	Saturday: 09:00-22:00	Sunday: 11:30-17:00		7 Грама		cafe	
osm_node_13100933203		41.9968806	21.4231182		Monday: 09:00-17:00	Tuesday: 09:00-17:00	Wednesday: 09:00-17:00	Thursday: 09:00-17:00	Friday: 09:00-17:00	Saturday: 10:00-18:00			EDGE Specialty Coffee		cafe	
osm_node_13110972984		42.060278	20.846111										Café Veshala		cafe	
osm_node_13113014281		41.9968714	21.4094618										Капри		cafe	
osm_node_13127669702		42.1053431	21.080543		Monday: 07:00-22:00	Tuesday: 07:00-22:00	Wednesday: 07:00-22:00	Thursday: 07:00-22:00	Friday: 07:00-22:00	Saturday: 07:00-22:00	Sunday: 07:00-22:00		Park caffe		cafe	
osm_node_13134437243		41.1810414	20.7458413										roastery		cafe	
osm_node_13199935256		41.4384941	22.6374169										Biser		cafe	
osm_node_13204301402		41.9897918	21.4595043		Monday: 08:00-00:00	Tuesday: 08:00-00:00	Wednesday: 08:00-00:00	Thursday: 08:00-00:00	Friday: 08:00-00:00	Saturday: 08:00-00:00	Sunday: 08:00-00:00		Bada Bing Café Bar		cafe	
osm_node_13204302701		41.9898858	21.4593538		Monday: 10:00-00:00	Tuesday: 10:00-00:00	Wednesday: 10:00-00:00	Thursday: 10:00-00:00	Friday: 10:00-00:00	Saturday: 10:00-00:00	Sunday: 10:00-18:00		Books & Dogs Café		cafe	
osm_node_13267420202		41.9768295	21.4463633		Monday: 08:00-00:00	Tuesday: 08:00-00:00	Wednesday: 08:00-00:00	Thursday: 08:00-00:00	Friday: 08:00-00:00	Saturday: 08:00-00:00	Sunday: 08:00-00:00		15 za 12		cafe	
osm_node_13277648395		41.992159	21.4359935										London maalo		cafe	
osm_node_13324429692		41.997741	21.3980954			Tuesday: 08:00-24:00	Wednesday: 08:00-24:00	Thursday: 08:00-24:00	Friday: 08:00-01:00	Saturday: 08:00-01:00	Sunday: 08:00-24:00		Централ Кофе		cafe	
osm_node_13325656401	+38975351135	42.0033309	21.3911208										The NEST Cafe & Play		cafe	
osm_node_13340493901		41.1262269	20.8156229										Trend coffee & bakery		cafe	
osm_node_13344264702		42.001687	21.4188144		Monday: 08:00-17:00	Tuesday: 08:00-17:00	Wednesday: 08:00-17:00	Thursday: 08:00-17:00	Friday: 08:00-17:00	Saturday: 08:00-16:00			Bristot Coffee Shop		cafe	
osm_node_13386119402		42.001419	21.4367009										My Way Caffe		cafe	
osm_node_13417145268		42.0071972	21.3629018										Корзо Кафе	en	cafe	
osm_node_13417145269		42.0074319	21.3636858										Станица Парк		cafe	
osm_node_13428114850		42.1734845	21.6302001										Caffe Besa GORGI		cafe	
osm_node_13431108388	+38971225115	41.9795395	21.4764552		Monday: 08:00-22:00	Tuesday: 08:00-22:00	Wednesday: 08:00-22:00	Thursday: 08:00-22:00	Friday: 08:00-22:00	Saturday: 08:00-22:00	Sunday: 08:00-22:00		Café „Sunshine“		cafe	
osm_node_13431206694	+389 22400899	41.9812968	21.4753909		Monday: 09:00-12:00	Tuesday: 09:00-12:00	Wednesday: 09:00-12:00	Thursday: 09:00-12:00	Friday: 09:00-12:00	Saturday: 09:00-12:00	Sunday: 09:00-12:00		Helium Caffe		cafe	
osm_node_13526901546		42.0058702	20.9662914										Te Caka		cafe	
osm_node_13654437153		41.0900592	21.0136843										Кафе Бар „Тајм“		cafe	
osm_node_13689361215		41.1144871	20.7916529										Fort Cafe		cafe	
osm_node_13721004987		41.5125369	20.9554495										Vintage		cafe	
osm_node_13721036997		41.5129628	20.9580839										Vertigo		cafe	
osm_node_13721036999		41.5129558	20.9576229										Dejavu		cafe	
osm_node_13793521801		41.1135295	20.7999284		Monday: 09:00-22:00	Tuesday: 09:00-22:00	Wednesday: 09:00-22:00	Thursday: 09:00-22:00	Friday: 09:00-22:00	Saturday: 09:00-22:00	Sunday: 09:00-22:00		Crèperie		cafe	
osm_node_13819507131		41.9760182	21.4440233		Monday: 08:00-00:00	Tuesday: 08:00-00:00	Wednesday: 08:00-00:00	Thursday: 08:00-00:00	Friday: 08:00-00:00	Saturday: 08:00-00:00	Sunday: 08:00-00:00		Lorens Cafe Bar		cafe	
osm_node_13897712256		41.1498061	22.5127903										Wall Street Coffee		cafe	
osm_node_13898372332		42.0103123	21.4594635										Kombo Creative Studio		cafe	
osm_node_13907781619		41.9880088	21.4327761										Most		cafe	
osm_node_13910557525		41.3450286	21.5583742										67		cafe	
osm_node_13957313434		41.1120345	20.7947268										Retro 45 Café		cafe	
osm_node_13958962674		41.1121941	20.7955534										Zona Garden		cafe	
osm_node_13992036797		42.0139197	20.8872997										Cafe Bar Bora		cafe	
osm_node_14040830104		42.1073056	21.1090153		Monday: 06:00-23:00	Tuesday: 06:00-23:00	Wednesday: 06:00-23:00	Thursday: 06:00-23:00	Friday: 06:00-23:00	Saturday: 06:00-23:00	Sunday: 06:00-23:00		Café  bar Ananas		cafe	
osm_node_14046348302		42.1556466	21.1713434										Caffe-bar		cafe	
osm_node_14046377542		42.1600877	21.8792141		Monday: 07:00-22:00	Tuesday: 07:00-22:00	Wednesday: 07:00-22:00	Thursday: 07:00-22:00	Friday: 07:00-22:00	Saturday: 07:00-22:00	Sunday: 07:00-22:00		Caffe-bar		cafe	
osm_node_14060104605		41.9990677	21.4235161										Coffee Factory		cafe	
osm_way_161943018		42.1273038	21.7309762										Кеј		cafe	
osm_way_176147426		42.0000219	21.4243073										Juice Bar	en	cafe	
osm_way_223413061		41.999912	21.4242078										Manhattan Cafe		cafe	
osm_way_323742594		41.0288087	21.3354556										Папаз	en	cafe	
osm_way_328890501		41.0286649	21.3355914										Данте		cafe	
osm_way_355766653		41.9969286	21.4220971										Кашмир Арт Кафе	en	cafe	
osm_way_364669936	+38977533766	41.9640751	21.3016377										Cafe MJ		cafe	
osm_way_410317997		41.9971391	21.4242939										Излет	en	cafe	
osm_way_477325822		42.0013472	21.4224136		Monday: 09:00-01:00	Tuesday: 09:00-01:00	Wednesday: 09:00-01:00	Thursday: 09:00-01:00	Friday: 09:00-01:00	Saturday: 09:00-01:00	Sunday: 09:00-01:00		Синдикат		cafe	
osm_way_477332495		41.9986791	21.418803										Цреша Бар	en	cafe	
osm_way_477342114		41.994706	21.4212543										Скандал		cafe	
osm_way_477342115		41.994676	21.4209868										Лајт кафе		cafe	
osm_way_488118852		41.986065	21.4642278										Trend		cafe	
osm_way_496423191		42.0063746	21.4066354										La Cafetaria		cafe	
osm_way_517915834		41.1148442	20.7942313										Cafe Teatro		cafe	
osm_way_553831588		42.0022389	21.4074756										Драмски Кафе Бар	en	cafe	
osm_way_579501761		41.174093	20.6767025										Пливалиште		cafe	
osm_way_579502952		41.1737943	20.6776638										Галеб		cafe	
osm_way_580951362		41.1749403	20.6751463										Soho		cafe	
osm_way_580951375		41.1755325	20.6760386										Грифон		cafe	
osm_way_580951377		41.1748861	20.6761826										Синема		cafe	
osm_way_580951378		41.1749451	20.6762061										Стрит Кафе		cafe	
osm_way_580951380		41.175035	20.676199										Револушн		cafe	
osm_way_580951382		41.1747792	20.6761981										Адмирал		cafe	
osm_way_625505115		41.1121687	20.7913986										Baptisterium		cafe	
osm_way_984717434		41.5253946	21.4158317										Caffe Bushi		cafe	
osm_way_1070263434		41.3437273	21.5539891		Monday: 16:00-23:00	Tuesday: 16:00-23:00	Wednesday: 16:00-23:00	Thursday: 16:00-23:00	Friday: 16:00-23:00	Saturday: 16:00-23:00	Sunday: 16:00-23:00		Galaxy		cafe	
osm_way_1083227056		41.8786075	20.8867563										Ligata		cafe	
osm_way_1083227058	071729660	41.8777965	20.8868083										Jorgovan		cafe	
osm_way_1107209928	+38978320425	41.3582285	21.5566202										Дода Рамиз	en	cafe	
osm_way_1107785887		41.1874265	22.7224236										Реформ		cafe	
osm_way_1107949793		41.7913181	20.9063623										Relax		cafe	
osm_way_1110769531		41.0318257	21.3380898		Monday: 09:00-24:00	Tuesday: 09:00-24:00	Wednesday: 09:00-24:00	Thursday: 09:00-24:00	Friday: 09:00-01:00	Saturday: 09:00-01:00	Sunday: 09:00-22:00		Бар Царшија		cafe	
osm_way_1111325900		41.1147215	20.800574										It café		cafe	
osm_way_1195629867		41.104147	20.8078204		Monday: 08:00-24:00	Tuesday: 08:00-24:00	Wednesday: 08:00-24:00	Thursday: 08:00-24:00	Friday: 08:00-24:00				Мост Бар		cafe	
osm_way_1306526920		41.9831659	21.3796775										Greenhill		cafe	
osm_way_1312209935		42.0043708	21.39066										Trend		cafe	
osm_way_1320400926		42.0071015	21.4139099										Ria's Restaurant & Bar		cafe	
osm_way_1322350596		41.3503763	21.5487607										Бар Х	en	cafe	
osm_way_1325830626		41.9961851	21.4768278										Автокафе Ту гоу	en	cafe	
osm_way_1327652939		42.0001334	21.41682										Broz Cafe		cafe	
osm_way_1328373134		41.9063277	20.9624631										Холивуд	en	cafe	
osm_way_1328632415		41.7322487	20.839156										Конак	en	cafe	
osm_way_1333263591		42.0089047	20.9733761										Privo Juice Bar		cafe	
osm_way_1334317352		42.0085811	20.9742608										Bonami		cafe	
osm_way_1374127340		42.0087026	21.4181288										Централ Парк	en	cafe	
osm_way_1377802289		41.0248543	21.336833										Аеро	en	cafe	
osm_way_1416543246		41.9373056	21.5326118										Brickyard 365		cafe	
osm_way_1452974647		41.7692907	21.7615264										Кафе Лаго		cafe	
osm_way_1463130077		41.0316355	21.3345686										Fragaria Coffee Shop		cafe	
osm_way_1463130079		41.0315935	21.3350528										Vezilka		cafe	
osm_way_1463976005		41.0299861	21.3351023										Central		cafe	
osm_way_1464455364		41.0301865	21.3358919										Marieli		cafe	
osm_way_1470415674		42.0114584	20.8864003										Ски Кафе 2сед	en	cafe	
osm_way_1472094784		42.0042222	20.8779972										Ски Кафе Ге	en	cafe	
osm_way_1532458989		41.1120892	20.7965113										Liquid		cafe	
osm_way_1533492291		41.111979	20.7967739										Kadmo Lounge Bar		cafe	
osm_node_309875534		41.9951158	21.4355918		Monday: 07:00-24:00	Tuesday: 07:00-24:00	Wednesday: 07:00-24:00	Thursday: 07:00-24:00	Friday: 07:00-01:00	Saturday: 07:00-01:00			Ирски паб Св. Патрик	en	pub	
osm_node_479299811		41.4336468	22.0117213										Toskano		pub	
osm_node_497549479		41.70425	22.86112										Јуовец	en	pub	
osm_node_543378902		41.6413731	20.7330425										Старо Бачило	en	pub	
osm_node_543378914		41.632758	20.7161824										Галичко Бачило		pub	
osm_node_553425017		41.9957302	21.4302534										London Pub		pub	
osm_node_989142832		41.7368619	22.1921794										Даблин		pub	
osm_node_1355330790	+389 2 321 3515	42.0011509	21.4175412		Monday: 08:00-00:00	Tuesday: 08:00-00:00	Wednesday: 08:00-00:00	Thursday: 08:00-00:00	Friday: 08:00-01:00	Saturday: 08:00-01:00	Sunday: 09:30-01:00		Кафе Кино Карпош		pub	
osm_node_1547262549		42.1329068	21.7162124										Art Cafe CARIGRAD		pub	
osm_node_1747462360		41.997012	21.4150033										Конак		pub	
osm_node_1860915870		42.1373298	21.7187986										Тунел		pub	
osm_node_1860915871		42.1366237	21.7192653										W2		pub	
osm_node_1935491365		41.99522	21.4352396										Карпе дием	en	pub	
osm_node_2695392360		41.9954782	21.4343781										Casa Cubana		pub	
osm_node_3100114475		41.1150114	20.8006878		Monday: 08:00-24:00, Fr,Sa 08:00-01:00	Tuesday: 08:00-24:00, Fr,Sa 08:00-01:00	Wednesday: 08:00-24:00, Fr,Sa 08:00-01:00	Thursday: 08:00-24:00, Fr,Sa 08:00-01:00			Sunday: 08:00-24:00, Fr,Sa 08:00-01:00		Irish Pub		pub	
osm_node_3427388702		41.9964357	21.4147832		Monday: 00:00-01:00,10:00-24:00	Tuesday: 00:00-01:00,10:00-24:00	Wednesday: 00:00-01:00,10:00-24:00	Thursday: 00:00-01:00,10:00-24:00	Friday: 00:00-01:00,10:00-24:00	Saturday: 00:00-01:00,10:00-24:00	Sunday: 00:00-01:00,10:00-24:00		Дринкерс Парадајз	en	pub	
osm_node_3427391618		41.9989335	21.4204573										Браво	en	pub	
osm_node_4126731457		41.9973371	21.4343571										Lounge Bar Divan		pub	
osm_node_4716305790		41.0275558	21.3352456		Monday: 08:30-00:00	Tuesday: 08:30-00:00	Wednesday: 08:30-00:00	Thursday: 08:30-00:00	Friday: 08:30-01:00	Saturday: 08:30-01:00	Sunday: 08:30-00:00		Бурбон Стрит	en	pub	
osm_node_4839149455		41.9957057	21.4320378		Monday: 09:00-24:00, Fr,Sa 09:00-01:00	Tuesday: 09:00-24:00, Fr,Sa 09:00-01:00	Wednesday: 09:00-24:00, Fr,Sa 09:00-01:00	Thursday: 09:00-24:00, Fr,Sa 09:00-01:00			Sunday: 09:00-24:00, Fr,Sa 09:00-01:00		Колектив	en	pub	
osm_node_5093444115		41.9955629	21.426176										Piazza Liberta		pub	
osm_node_5260415957		41.9981195	21.4239699		Monday: 09:00-00:00, Fr-Sa 09:00-01:00	Tuesday: 09:00-00:00, Fr-Sa 09:00-01:00	Wednesday: 09:00-00:00, Fr-Sa 09:00-01:00	Thursday: 09:00-00:00, Fr-Sa 09:00-01:00					Паб Порта	en	pub	
osm_node_5289611966		42.0057436	21.3813851										Pub		pub	
osm_node_5559033546		41.9974686	21.4349757										Lounge Bar Divan		pub	
osm_node_5890928714		41.1090118	20.8056768										Irish Pub Dublin		pub	
osm_node_6054048730		41.9955806	21.4113116										Woodstock		pub	
osm_node_6815931485		42.0000999	21.4209535										Stobi Winery		pub	
osm_node_6831648791		41.1141181	20.8110765										Meze Bar 10		pub	
osm_node_8895564911		41.0300455	21.3373971		Monday: 17:00-01:00	Tuesday: 17:00-01:00	Wednesday: 17:00-01:00	Thursday: 17:00-01:00	Friday: 17:00-01:00	Saturday: 17:00-01:00	Sunday: 17:00-01:00		Билјард Клуб - Муло	en	pub	
osm_node_9025084186		41.368863	21.2494189										2 Ловци	en	pub	
osm_node_9200216570		42.0029207	21.4175082										18		pub	
osm_node_10130787323		42.1384102	21.724228		Monday: 10:00-22:00	Tuesday: 10:00-22:00	Wednesday: 10:00-22:00	Thursday: 10:00-22:00	Friday: 10:00-22:00	Saturday: 10:00-22:00			свемир		pub	
osm_node_10133139159		41.7965564	20.9107264										Energy Food & Club		pub	
osm_node_10135430429		41.7966594	20.912787		Monday: 07:00-00:30, Fr,Sa 07:00-01:00, PH,Su 09:00-24:00	Tuesday: 07:00-00:30, Fr,Sa 07:00-01:00, PH,Su 09:00-24:00	Wednesday: 07:00-00:30, Fr,Sa 07:00-01:00, PH,Su 09:00-24:00	Thursday: 07:00-00:30, Fr,Sa 07:00-01:00, PH,Su 09:00-24:00					Boa bar		pub	
osm_node_10198481320	075441436	41.9936671	21.4252245		Monday: 09:00-04:00	Tuesday: 09:00-04:00	Wednesday: 09:00-04:00	Thursday: 09:00-04:00	Friday: 09:00-04:00	Saturday: 09:00-04:00	Sunday: 09:00-04:00		Салон	en	pub	
osm_node_12201480301		41.9941658	21.4342989										Паб Beerтија	en	pub	
osm_node_12299611141		42.0778226	22.1815375										Corner English Pub		pub	
osm_node_12319620101		41.9965239	21.4292218										El Presidente		pub	
osm_node_12319620301		41.9965324	21.4276798										Drunken Monkeys		pub	
osm_node_12603832478		41.0892385	21.0124764										Irish pub Road to Dublin	en	pub	
osm_way_176158371	+389 70 364 224	42.0007229	21.4271079			Tuesday: 16:00-00:00, Fr-Sa 16:00-01:00	Wednesday: 16:00-00:00, Fr-Sa 16:00-01:00	Thursday: 16:00-00:00, Fr-Sa 16:00-01:00			Sunday: 16:00-00:00		Bar Crash		pub	
osm_way_176326155		42.0072144	21.4113588										Tribeca - Botanic Shop & Cafe		pub	
osm_way_358395487	+389 2 3060333	41.9996349	21.3908		Monday: 00:00-01:00, Su-Th 08:00-24:00	Tuesday: 00:00-01:00, Su-Th 08:00-24:00	Wednesday: 00:00-01:00, Su-Th 08:00-24:00	Thursday: 00:00-01:00, Su-Th 08:00-24:00	Friday: 00:00-01:00, Su-Th 08:00-24:00	Saturday: 00:00-01:00, Su-Th 08:00-24:00	Sunday: 00:00-01:00, Su-Th 08:00-24:00		Кaфе бар „Форца“	en	pub	
osm_way_410925022		42.0003192	21.435629		Monday: 00:00-02:00,09:00-24:00	Tuesday: 00:00-02:00,09:00-24:00	Wednesday: 00:00-02:00,09:00-24:00	Thursday: 00:00-02:00,09:00-24:00	Friday: 00:00-02:00,09:00-24:00	Saturday: 00:00-02:00,09:00-24:00	Sunday: 00:00-02:00,09:00-24:00		Пивница Стар град	en	pub	
osm_way_477325812		42.0006111	21.4208744										Стоби		pub	
osm_node_310348048		41.9985413	21.3918782										Лап Лап		fast_food	
osm_node_444537210		41.9170217	22.410796										Сендвичара Азман		fast_food	
osm_node_461663030		41.4385145	22.6490943										Bakers		fast_food	
osm_node_470916907		42.0003611	21.4268596										Жито Леб		fast_food	
osm_node_529806405		41.4341433	22.0116563										Marilyn		fast_food	
osm_node_529811495		41.4345938	22.0157848										Marilyn		fast_food	
osm_node_543384566		41.6370467	20.7213069										Трифкова Колиба		fast_food	
osm_node_933634409		41.9895435	21.4596998		Monday: 08:00-23:00	Tuesday: 08:00-23:00	Wednesday: 08:00-23:00	Thursday: 08:00-23:00	Friday: 08:00-24:00	Saturday: 13:00-23:00			Fast food 7		fast_food	
osm_node_989996644		41.7371381	22.1934589										Bambi		fast_food	
osm_node_1355336585		42.0008922	21.4173939										Сендвичара Попе		fast_food	
osm_node_1381654588		41.9990725	21.4217901										Гирадико		fast_food	
osm_node_1475404531		42.0078102	21.3695897										Пинк	en	fast_food	
osm_node_1762422140		42.1345469	21.7183301										Џу Џу Бургер		fast_food	
osm_node_1762422144		42.1338027	21.7173429										Аркадија		fast_food	
osm_node_1822907697		42.0007595	21.3899358										Лесковачка скара „Вили“		fast_food	
osm_node_1870054369		41.9935009	21.4275995										Гиро		fast_food	
osm_node_1999950858		41.4098049	22.2436498										AS		fast_food	
osm_node_2004962771		42.0017995	21.4060989										Вили		fast_food	
osm_node_2377969132		41.1048119	20.8081755										Big Pi		fast_food	
osm_node_2377969280		41.1135504	20.8001299										Pink Panter		fast_food	
osm_node_2858315264		42.0035281	21.4167758										DM Restaurant		fast_food	
osm_node_2887575858		41.9893772	21.4635675		Monday: 08:30-23:30, Su 10:00-01:00	Tuesday: 08:30-23:30, Su 10:00-01:00	Wednesday: 08:30-23:30, Su 10:00-01:00	Thursday: 08:30-23:30, Su 10:00-01:00	Friday: 08:30-23:30, Su 10:00-01:00	Saturday: 08:30-23:30, Su 10:00-01:00			OK Burger - Aerodrom		fast_food	
osm_node_3099553252		41.961258	21.6266554										Burger King		fast_food	
osm_node_3162735462		41.637946	22.461848										Fast Food Melani		fast_food	
osm_node_3162741161		41.638201	22.46164										Grill Melani		fast_food	
osm_node_3304519276		41.9892217	21.4634495		Monday: 08:00-24:00	Tuesday: 08:00-24:00	Wednesday: 08:00-24:00	Thursday: 08:00-24:00	Friday: 08:00-01:00	Saturday: 08:00-01:00			Лесковац		fast_food	
osm_node_3484100383		41.9914096	21.4223968										Мр. Шмек		fast_food	
osm_node_3484101195		41.9906511	21.4207515										MFC - Macedonian Fried Chicken		fast_food	
osm_node_3494577049		42.0048773	21.3912646										Burger King		fast_food	
osm_node_3623547525		41.9952491	21.4238539										Burger Friends		fast_food	
osm_node_3663791822		41.9811549	21.4755231		Monday: 08:45-24:00	Tuesday: 08:45-24:00	Wednesday: 08:30-24:00	Thursday: 08:30-24:00	Friday: 09:00-01:00	Saturday: 09:00-01:00			Сендвичара Ројал		fast_food	
osm_node_3696549084		41.9665702	22.7765278										Анкет	en	fast_food	
osm_node_3696549085		41.9664561	22.7771972										Сиан	en	fast_food	
osm_node_3696549087		41.9661844	22.7774699										Буцко - Бурекчилница	en	fast_food	
osm_node_3826400433		41.1127338	20.8022889										Plan B		fast_food	
osm_node_3828431959		41.7176771	21.7828824										Ројал		fast_food	
osm_node_4142662213		41.3505012	21.5493109										СиС		fast_food	
osm_node_4142664989		41.350337	21.5493787										Сникерс Грижо		fast_food	
osm_node_4190893589		42.0000584	21.4237032										Пемпеле	en	fast_food	
osm_node_4239355303		41.7386126	22.1969724										Зимбако		fast_food	
osm_node_4247298789		41.7384717	22.1940792										Хамби		fast_food	
osm_node_4247299589		41.7371183	22.1933812										JA-JA		fast_food	
osm_node_4267660932	+389 76 222 066	42.0042064	20.9896305		Monday: 09:00-23:00	Tuesday: 09:00-23:00	Wednesday: 09:00-23:00	Thursday: 09:00-23:00	Friday: 09:00-23:00	Saturday: 09:00-23:00	Sunday: 09:00-23:00		Chitir Chicken		fast_food	
osm_node_4267660933		42.0041365	20.9895845										Doner Kebab		fast_food	
osm_node_4267660934		42.0042922	20.9893133										Шатци	en	fast_food	
osm_node_4355253301		41.9877171	21.4531813										Бејкинг бред	en	fast_food	
osm_node_4394802591		42.0031488	21.4005479										7	en	fast_food	
osm_node_4411103897		41.0301796	21.3344207										Мики Бургер	en	fast_food	
osm_node_4456514081		41.9973758	21.5737139										Gyroland		fast_food	
osm_node_4469867192		41.798662	20.9135714		Monday: 09:00-02:00	Tuesday: 09:00-02:00	Wednesday: 09:00-02:00	Thursday: 09:00-02:00	Friday: 09:00-02:00	Saturday: 09:00-02:00	Sunday: 09:00-02:00		Happy M grill		fast_food	
osm_node_4502450591		41.940898	20.9270945										Max Doner	en	fast_food	
osm_node_4502468092		41.9420491	20.9262185										Rinia 97	en	fast_food	
osm_node_4553896955		41.5121022	21.2166302										Млецен Ресторан Симед		fast_food	
osm_node_4573205008		42.0034744	21.3979429										Tripod King		fast_food	
osm_node_4573205010		42.0026669	21.3963477		Monday: 06:00-24:00, Su 08:00-24:00	Tuesday: 06:00-24:00, Su 08:00-24:00	Wednesday: 06:00-24:00, Su 08:00-24:00	Thursday: 06:00-24:00, Su 08:00-24:00	Friday: 06:00-24:00, Su 08:00-24:00	Saturday: 06:00-24:00, Su 08:00-24:00			Вегера	en	fast_food	
osm_node_4705276389	+38970656757	42.0597188	21.0398878										Контраст	en	fast_food	
osm_node_4734473401		42.018055	21.4474069										Burek		fast_food	
osm_node_4920962547		42.0038168	21.3878449										Domino's		fast_food	
osm_node_5041735621		42.0049046	21.3909815										Chicken House	en	fast_food	
osm_node_5131817487		41.9955107	21.425567		Monday: 10:00-24:00	Tuesday: 10:00-24:00	Wednesday: 10:00-24:00	Thursday: 10:00-24:00	Friday: 10:00-24:00	Saturday: 10:00-24:00	Sunday: 10:00-24:00		Domino's Pizza		fast_food	
osm_node_5204164823		42.003398	21.4170443										Royal Burger		fast_food	
osm_node_5289706560		41.9914029	21.4281132										Burger King		fast_food	
osm_node_5292130849		41.9965778	21.424583										American best burger		fast_food	
osm_node_5331095878		42.0065896	21.4020786										Etna		fast_food	
osm_node_5431407636		42.0032708	21.4012616										Magic		fast_food	
osm_node_5601865133		41.1180922	20.7990387										City Chicken		fast_food	
osm_node_5687563887	+389 78 243 483	41.994432	21.4318234										BubbleWaffle's		fast_food	
osm_node_5761129221		41.0891028	21.0137006										Сендвичара Преспа Мефо	en	fast_food	
osm_node_5782900754	+38976840031	41.9878133	21.4457433		Monday: 09:00-23:00	Tuesday: 09:00-23:00	Wednesday: 09:00-23:00	Thursday: 09:00-23:00	Friday: 09:00-23:00	Saturday: 11:00-11:00	Sunday: 12:00-20:00		Пицерија Џокер	en	fast_food	
osm_node_5811947853		41.5075708	21.2185145										Бурек	en	fast_food	
osm_node_5869018606		42.0026862	21.4604068										Млечен ресторант АНЕ		fast_food	
osm_node_6054048692		41.9993211	21.4184238										Cafe Pauza		fast_food	
osm_node_6054049788		41.9975168	21.4238695										Thai Box		fast_food	
osm_node_6079524206		42.0228743	22.590261										Jafer		fast_food	
osm_node_6125715891		42.2246851	22.389952										Дервен		fast_food	
osm_node_6164755129		42.0053452	21.4101783										Bon Appetit		fast_food	
osm_node_6291341775		41.98567	21.4375301										ОК Бургер		fast_food	
osm_node_6345996092		41.7386743	22.1963608										Стојанче Кубаската		fast_food	
osm_node_6348172160		41.7386191	22.1970229										Верил		fast_food	
osm_node_6393028779		41.1137008	20.7997775										Burger Station		fast_food	
osm_node_6553390108		41.409673	22.2441611										Svezda		fast_food	
osm_node_6781168985		41.0279581	21.3362714										Корнер		fast_food	
osm_node_6803017185		42.1369953	21.7114045										City Chicken		fast_food	
osm_node_6811622585	+3897087707	41.9997339	21.4358076										Engin Cigköfte (vegetarian)		fast_food	
osm_node_6814236601		42.0025858	21.4381868										Cardak		fast_food	
osm_node_6814236605		42.0029094	21.4387207										Tetekis		fast_food	
osm_node_6814246713		42.0023225	21.4389514										Doner		fast_food	
osm_node_6814246719		42.0004802	21.4398152										Turkish Doner		fast_food	
osm_node_6814247285		42.0021842	21.4384421										Hamza Doner		fast_food	
osm_node_6815454585		42.0250769	21.4293359		Monday: 11:00-24:00	Tuesday: 11:00-24:00	Wednesday: 11:00-24:00	Thursday: 11:00-24:00	Friday: 11:00-24:00	Saturday: 11:00-24:00	Sunday: 11:00-24:00		KFC		fast_food	
osm_node_6815918386	+38971343063	41.9963262	21.4243264										Matto Napoletano		fast_food	
osm_node_6815931187		41.9959322	21.4323724		Monday: 10:00-22:00	Tuesday: 10:00-22:00	Wednesday: 10:00-22:00	Thursday: 10:00-22:00	Friday: 10:00-22:00	Saturday: 10:00-22:00	Sunday: 10:00-22:00		Burger King		fast_food	
osm_node_6830542197		41.1236253	20.8127566										Mar-mar		fast_food	
osm_node_6833100790		41.1139841	20.7997732										Mr. Papo		fast_food	
osm_node_6833103291		41.1165763	20.7995706										Kebapcilnica		fast_food	
osm_node_6833103297		41.115284	20.8054718										Roast chicken		fast_food	
osm_node_7124138444		41.1838641	22.722983										Сендвичара Џина		fast_food	
osm_node_7124138445		41.1837691	22.7230479										Форти Сендвич Бар		fast_food	
osm_node_7841117295		41.8651003	21.9409363										Лучијано		fast_food	
osm_node_7841117300		41.8650133	21.9413929										Foody		fast_food	
osm_node_8188519796	+38926090192	41.9968334	21.4263872		Monday: 08:00-18:00	Tuesday: 08:00-18:00	Wednesday: 08:00-18:00	Thursday: 08:00-18:00	Friday: 08:00-18:00	Saturday: 08:00-14:00			ЈЕС Паста	en	fast_food	
osm_node_8549720690	+38971328554;+38923228044	42.0009144	21.4162609		Monday: 09:00-19:00	Tuesday: 09:00-19:00	Wednesday: 09:00-19:00	Thursday: 09:00-19:00	Friday: 09:00-19:00	Saturday: 11:00-19:00			Subzy		fast_food	
osm_node_8582615349		41.0234376	21.3387738										Giradiko		fast_food	
osm_node_8837742082		41.114489	20.8005464										Doner Kebap Hari		fast_food	
osm_node_8863588366	+38970287751	41.0273649	21.3138592		Monday: 09:00-00:00	Tuesday: 09:00-00:00	Wednesday: 09:00-00:00	Thursday: 09:00-00:00	Friday: 09:00-00:00	Saturday: 09:00-00:00	Sunday: 09:00-00:00		Ројал Бургер		fast_food	
osm_node_8917358636		41.0312779	21.3332771										Mickey pizza		fast_food	
osm_node_8946991737		42.0013583	21.4206316										Fluffy		fast_food	
osm_node_9200216348		42.002608	21.4389588										Lama Palace		fast_food	
osm_node_9200216551		42.003309	21.4395663										Plaset		fast_food	
osm_node_9200216562		41.9932172	21.4252785										Spizzicotto		fast_food	
osm_node_10046657339		41.1778302	20.6772701										Döner House		fast_food	
osm_node_10049620394		41.1225428	20.8091889										Village Bistro		fast_food	
osm_node_10127119022	+38970873355;+38978757678	41.3449768	21.5532603										Биг Мак	en	fast_food	
osm_node_10128043282	+38948418999	41.3450408	21.553156										Бургер Стар	en	fast_food	
osm_node_10128043283	+38976811927	41.3467169	21.555527										Брос Бургерс Бар	en	fast_food	
osm_node_10173764196		41.8861569	22.5092342										Kimburger		fast_food	
osm_node_10177783539		41.8854916	22.5081177										Stop snacks&drinks		fast_food	
osm_node_10184026285		41.994846	21.3964007										Домашно вкусно		fast_food	
osm_node_10186742623		41.0198387	21.3414108										Мики		fast_food	
osm_node_10203858691		41.176115	20.6759995										Fast Food 13		fast_food	
osm_node_10203858695		41.1776654	20.6779329										Auloni		fast_food	
osm_node_10204019522		41.1776585	20.6781308										Whimpy		fast_food	
osm_node_10209378789		41.80073	20.91501										Fresh		fast_food	
osm_node_10209378791		41.796674	20.9082443										Döner House		fast_food	
osm_node_10209378807		41.7959041	20.9165418										New York		fast_food	
osm_node_10736029323		41.5136311	20.9598551										Master Fod		fast_food	
osm_node_10834917155		41.510371	20.9622356										Bistro Food House		fast_food	
osm_node_10852733215	078933126	42.0013882	21.4843635		Monday: 07:00-18:00	Tuesday: 07:00-18:00	Wednesday: 07:00-18:00	Thursday: 07:00-18:00	Friday: 07:00-18:00	Saturday: 07:00-15:00			Сендвичара ХИТ		fast_food	
osm_node_11217845671	+ 389 71 386334	41.9955556	21.4254271										Space Burgers		fast_food	
osm_node_11217864081	+389 71 888379	41.9983199	21.4163354		Monday: 09:00-22:30	Tuesday: 09:00-22:30	Wednesday: 09:00-22:30	Thursday: 09:00-22:30	Friday: 09:00-22:30	Saturday: 09:00-22:30			Fat Kitchen Bistro		fast_food	
osm_node_11223344533		41.7501904	22.201591										Чизби		fast_food	
osm_node_11238701442	075854159	41.116544	20.801063										Peyto's		fast_food	
osm_node_11244404944	+389 78236227	42.0622385	21.4505805										Крал		fast_food	
osm_node_11246759628		41.9975952	21.4222476										"Pizza Delivery ""Mamma Italiana"""		fast_food	
osm_node_11266873006		41.9948503	21.433522										Леблебиџилница		fast_food	
osm_node_11269059286		41.9951232	21.4335604										Сендвичара Нино		fast_food	
osm_node_11269078971		41.9952598	21.4336383										Кујната на бимбо		fast_food	
osm_node_11269228370		41.9947097	21.4334223										Сендвичара Ми-бо		fast_food	
osm_node_11532129355		42.005752	21.5034294		Monday: 08:00-22:00	Tuesday: 08:00-22:00	Wednesday: 08:00-22:00	Thursday: 08:00-22:00	Friday: 08:00-22:00	Saturday: 08:00-22:00	Sunday: 08:00-22:00		Ќебапчилница Дукат		fast_food	
osm_node_11532129359		42.0051142	21.5037851										ТЕТЕКС (Ченто)		fast_food	
osm_node_11554429390		42.0050276	21.5036939										АЦИКО Пица		fast_food	
osm_node_12015566048		41.1117594	20.8019485										Лесковачки роштиљ		fast_food	
osm_node_12020430732		41.1119278	20.7975819		Monday: 08:00-24:00	Tuesday: 08:00-24:00	Wednesday: 08:00-24:00	Thursday: 08:00-24:00	Friday: 08:00-24:00				Pako Hause		fast_food	
osm_node_12160641972		42.0056973	21.3776104		Monday: 16:00-01:00	Tuesday: 16:00-01:00	Wednesday: 16:00-01:00	Thursday: 16:00-01:00	Friday: 16:00-01:00		Sunday: off, Sa 16:00-01:00		Крофните од Хром		fast_food	
osm_node_12199274101		41.9878082	21.4535762										Манчис	en	fast_food	
osm_node_12212434287		41.9951756	21.4291562										Бејкинг бред	en	fast_food	
osm_node_12212485061		41.9943077	21.431303										Sezam Pizza & Doner		fast_food	
osm_node_12212485062		41.9943257	21.4311795										Hamza Doner		fast_food	
osm_node_12222295021		41.9976392	21.4250901										Gyro House		fast_food	
osm_node_12222295026	+389 78 331 040	41.9977635	21.4239717		Monday: 07:30-15:30	Tuesday: 07:30-15:30	Wednesday: 07:30-15:30	Thursday: 07:30-15:30	Friday: 07:30-15:30				Fruittissimo		fast_food	
osm_node_12344492584		42.0082405	20.9749298										Tajo Hamburgers		fast_food	
osm_node_12344514120		42.0120501	20.9744151										Faki Fast food		fast_food	
osm_node_12400969002		41.1432916	22.5056911										Girodelika		fast_food	
osm_node_12438768083	078203508	41.9852978	21.4673361										Ла Пуерта		fast_food	
osm_node_12536958053		41.3256084	21.5303195										Eat Express	en	fast_food	
osm_node_12593826489		41.9857749	21.4677457										Скара Лесковац		fast_food	
osm_node_12729747545	+389 47 550 643	41.0326233	21.3420349		Monday: 08:00-22:00	Tuesday: 08:00-21:00	Wednesday: 08:00-21:00	Thursday: 08:00-21:00	Friday: 08:00-21:00	Saturday: 08:00-21:00			Сендвичара Стифи		fast_food	
osm_node_12784072768		41.8825963	22.5051613										ViniFood		fast_food	
osm_node_12829912067		41.5117781	20.9587734										RI-JA Hamburgeria		fast_food	
osm_node_12870844768		41.9904667	21.4356144										DOSE coffee, breakfast & brunch		fast_food	
osm_node_12877175041		41.9945269	21.4293174										Мис Стон	en	fast_food	
osm_node_12878958303		41.9800931	21.437854										Симпл.	en	fast_food	
osm_node_12950049083		41.9793393	21.4454693		Monday: 07:00-15:00	Tuesday: 07:00-15:00	Wednesday: 07:00-15:00	Thursday: 07:00-15:00	Friday: 07:00-15:00				сендвичара Гонче		fast_food	
osm_node_12990344831		41.9980951	21.4241259										Bon Tacos		fast_food	
osm_node_13074465784		42.0063115	20.9679359										Quebaptore		fast_food	
osm_node_13109277626		41.1181281	20.8034424		Monday: 08:00-02:00	Tuesday: 08:00-02:00	Wednesday: 08:00-02:00	Thursday: 08:00-02:00	Friday: Sa 08:00-04:00				McVili's Burgers		fast_food	
osm_node_13146041925		41.3441229	21.5561547										Бургер Бум	en	fast_food	
osm_node_13276144667		41.9871606	21.4368624		Monday: 10:00-20:00	Tuesday: 10:00-20:00	Wednesday: 10:00-20:00	Thursday: 10:00-20:00	Friday: 10:00-20:00				Фреш бургер хаус		fast_food	
osm_node_13410687201		41.9916564	21.4278085										Anatolia Pide & Kebab		fast_food	
osm_node_13504473385		42.0129623	20.880108										Burger Mount		fast_food	
osm_node_13616227140		41.3467717	21.5482251										Голден	en	fast_food	
osm_node_13721036998		41.5129645	20.957836										Black Burger		fast_food	
osm_node_13793534701	+389 76 719 999	41.1146347	20.8012333		Monday: 10:00-00:00	Tuesday: 10:00-00:00	Wednesday: 10:00-00:00	Thursday: 10:00-00:00	Friday: 10:00-01:00	Saturday: 10:00-01:00	Sunday: 10:00-00:00		Pizza Calabria Ohrid and Ohridski Doner		fast_food	
osm_node_13897712258		41.1496781	22.5125335										Baking Bread		fast_food	
osm_node_13952049683		41.177234	20.6759819										Lezzet Istanbul		fast_food	
osm_node_13952049684		41.1772492	20.6761645										Smash		fast_food	
osm_node_13993863243	+38978931999	42.0052164	21.3842532										Corleone's Pizza		fast_food	
osm_way_242545718		41.9915158	21.4372925										Топ Хил	en	fast_food	
osm_way_254343478		42.004176	21.4085865		Monday: 08:00-18:00	Tuesday: 08:00-18:00	Wednesday: 08:00-18:00	Thursday: 08:00-18:00	Friday: 08:00-18:00				Iva		fast_food	
osm_way_279380344		42.1351258	21.7177789										Максим		fast_food	
osm_way_464318714		41.9947102	21.4365647		Monday: 08:00-01:00, Su 08:00-24:00	Tuesday: 08:00-01:00, Su 08:00-24:00	Wednesday: 08:00-01:00, Su 08:00-24:00	Thursday: 08:00-01:00, Su 08:00-24:00	Friday: 08:00-01:00, Su 08:00-24:00	Saturday: 08:00-01:00, Su 08:00-24:00			Тетекс		fast_food	
osm_way_477325826		42.0022738	21.4223869										Ganzoni		fast_food	
osm_way_477338128	38972529785;38923211914	41.9973995	21.4234163		Monday: 08:00-23:00	Tuesday: 08:00-23:00	Wednesday: 08:00-23:00	Thursday: 08:00-23:00	Friday: 08:00-24:00	Saturday: 08:00-24:00			7		fast_food	
osm_way_477338129		41.9974066	21.4235545										7	en	fast_food	
osm_way_477338130		41.9973774	21.4238302										Like Gyros		fast_food	
osm_way_542428715		42.0055379	21.3863307										Ренде	en	fast_food	
osm_way_674314607		41.9827406	21.4392501										Пицерија Ди Наполи		fast_food	
osm_way_677889109		41.7376006	22.1930518										Бамби 2		fast_food	
osm_way_678017434		41.7368561	22.1915395										Ванила		fast_food	
osm_way_839743632		41.8647699	21.9409863										Сендвичара Илинден		fast_food	
osm_way_961362876	+38947276942;+38970302569	41.2174258	21.2022214										Кај Стакето	en	fast_food	
osm_way_1038891511		41.8644247	21.9400097										Тера Бар		fast_food	
osm_way_1106306200	+38975482132	41.3435829	21.5676999										Алф	en	fast_food	
osm_way_1107204425	+38978688388	41.3424732	21.5641986										Гуд Фуд	en	fast_food	
osm_way_1107207532	+38978456650	41.3364254	21.3320387										Дел Монте	en	fast_food	
osm_way_1112051485		41.8861663	22.5092288										Kimburger		fast_food	
osm_way_1301506398		41.9879184	21.4742044		Monday: 10:00-23:55	Tuesday: 10:00-23:55	Wednesday: 10:00-23:55	Thursday: 10:00-23:55	Friday: 10:00-23:55	Saturday: 10:00-23:55	Sunday: 10:00-23:55		КФЦ - Ново Лисиче	en	fast_food	
osm_way_1304804855		41.8806214	21.690653										Бастион Плаза	en	fast_food	
osm_way_1313592186		41.9992911	21.4208755										Plaset		fast_food	
osm_way_1313743109		41.6713313	20.8540754										Станица Стража	en	fast_food	
osm_way_1313743115		41.6714159	20.8545788										Мекиците од Стража	en	fast_food	
osm_way_1319610816		42.0001189	21.4176899										Петле	en	fast_food	
osm_way_1333263592		42.009001	20.9734367										Delfin Doner		fast_food	
osm_way_1334317370		42.0119241	20.9752277										Fast Food Sadati		fast_food	
osm_way_1334497178		41.9158832	20.9416989										Годинг	en	fast_food	
osm_way_1393913342		42.01328	20.8846362										Doner Kebap		fast_food	
osm_way_1393913343		42.0131911	20.8847298										House Pizza & Grill		fast_food	
osm_way_1434535937	+389 70 487 779	41.9361983	21.522039										Крц Крц		fast_food	
osm_way_1515712775		42.0036054	21.4783357		Monday: 08:00-23:00	Tuesday: 08:00-23:00	Wednesday: 08:00-23:00	Thursday: 08:00-23:00	Friday: 08:00-24:00	Saturday: 08:00-24:00	Sunday: Closed		Сендвичара Седмица 7	en	fast_food	
osm_way_1524766666		41.1508292	22.5125532										KFC		fast_food	
osm_node_366651569		41.9947408	20.9810165										G8		bakery	
osm_node_405151226		42.052108	21.0560365										G8		bakery	
osm_node_443017383		41.9957633	21.5040709										Фурна Облат		bakery	
osm_node_1272893255		41.881051	22.5146289										Nasev		bakery	
osm_node_1378130153		41.9835725	21.4387715										Пекара Кисми		bakery	
osm_node_1381590918		41.9754943	21.4387489										Фарина		bakery	
osm_node_1385773620		41.9930311	21.4025784										Спаткарница Канела Прима		bakery	
osm_node_1747986304		41.986975	21.4308935										Пекара Црниче		bakery	
osm_node_1748017566		41.9904388	21.4205283										Sveti Nikola		bakery	
osm_node_2365724093		41.996215	21.4995285		Monday: 05:00-22:00	Tuesday: 05:00-22:00	Wednesday: 05:00-22:00	Thursday: 05:00-22:00	Friday: 05:00-22:00	Saturday: 05:00-22:00	Sunday: 05:00-22:00		Пекара Кисми		bakery	
osm_node_2374213569		41.9987381	21.4957676										Пекара Дезо		bakery	
osm_node_2377938130		41.1061074	20.8095515										Жито Леб		bakery	
osm_node_2377968943		41.112055	20.8084947										Жито леб		bakery	
osm_node_2574272019		42.1816391	22.2869626										Трајко		bakery	
osm_node_2601311977		42.0032403	21.4079208										Pezogo		bakery	
osm_node_2990007815		41.9755235	21.4443097										Москва		bakery	
osm_node_3099334943		41.9913694	21.4455764										Slatki burek		bakery	
osm_node_3099334944		41.9910251	21.4452171										Burek		bakery	
osm_node_3162746562		41.63896	22.46124										Makedonija (Sus mus)		bakery	
osm_node_3162754761		41.63414	22.464603										Makedonija (Sus mus)		bakery	
osm_node_3162763561		41.634101	22.464821										Matej		bakery	
osm_node_3187756131		41.637701	22.460489										Karpos		bakery	
osm_node_3197576080		42.0001055	21.4174292										Пекара Силбо	en	bakery	
osm_node_3341289791		41.9924211	21.4292661										Pekara Bageti		bakery	
osm_node_3415004744		42.0621038	21.45066										Фурна		bakery	
osm_node_3415004745		42.0621317	21.4507737										Чеган		bakery	
osm_node_3415004746		42.061731	21.4506986										Жито Лукс		bakery	
osm_node_3428428493		41.115841	20.800094										Bakery		bakery	
osm_node_3599381821		41.9983386	21.4227365										Ла Делишес	en	bakery	
osm_node_3634182300	+389 2 3089868	42.0009355	21.3900483		Monday: 08:00-24:00	Tuesday: 08:00-24:00	Wednesday: 08:00-24:00	Thursday: 08:00-24:00	Friday: 08:00-24:00	Saturday: 08:00-24:00	Sunday: 08:00-24:00		Специјал - Тафталиџе	en	bakery	
osm_node_3696549086		41.9663099	22.7773809										Луна Гив	en	bakery	
osm_node_3826400412		41.114127	20.8004354										Палма	en	bakery	
osm_node_3830705118		41.9958268	21.4095619										Златен Клас		bakery	
osm_node_3832366895		41.9898813	21.4197865										Жито		bakery	
osm_node_4247199933		41.7463414	22.1948806										Ребус		bakery	
osm_node_4267660936	+389 44 344 957	42.005498	20.9901972										Eni Sweet Shop		bakery	
osm_node_4355269208		41.9880831	21.4546933		Monday: 07:00-19:00	Tuesday: 07:00-19:00	Wednesday: 07:00-19:00	Thursday: 07:00-19:00	Friday: 07:00-19:00	Saturday: 10:00-19:00			Ваташа		bakery	
osm_node_4360751190		41.7384084	22.1921685										Сокак		bakery	
osm_node_4415565690		41.8539722	20.8884597										Аграр Топлица	en	bakery	
osm_node_4421699189		42.0046691	21.3703806										Building 31		bakery	
osm_node_4529766490		42.0021634	21.3515069										Алекса Демниевски 25		bakery	
osm_node_4534092891		41.0244995	21.3194827										Џеко	en	bakery	
osm_node_4602847135		42.201414	22.3349195										Furna Vardar		bakery	
osm_node_4753448924		41.9925841	20.9601059										Midpoint	en	bakery	
osm_node_4809599127		41.9983382	21.4182312										Cake Boutique		bakery	
osm_node_4894954911		42.0020133	21.4010765										Cake & Bake		bakery	
osm_node_4906797826		41.9737984	22.7820353										Лунагив	en	bakery	
osm_node_4907902721		41.9709544	22.7614669										Луна гив пекара	en	bakery	
osm_node_5060956601		42.003998	21.3717776										Krofnite od Hrom		bakery	
osm_node_5236444222		42.0060976	21.3750902										Лепа и Русе		bakery	
osm_node_5291076841		42.0062031	21.4148494										Slast		bakery	
osm_node_5318299748		41.9668777	22.7743844										Ангела	en	bakery	
osm_node_5331095876		42.0066913	21.4021041										Kozle		bakery	
osm_node_5334903422		42.0210652	21.3515617		Monday: 10:00-19:00	Tuesday: 10:00-19:00	Wednesday: 10:00-19:00	Thursday: 10:00-19:00	Friday: 10:00-19:00	Saturday: 10:00-19:00	Sunday: 10:00-19:00		Воденица		bakery	
osm_node_5622055148		42.0034245	21.4607538										Млечен Ресторан Исидора-Даниел	en	bakery	
osm_node_5632478631		41.9781016	21.4423887										Бурекџилница Фортуна		bakery	
osm_node_5673481722		42.1328075	21.7246883										Fresh		bakery	
osm_node_5673482227		42.1326278	21.7247878										City Bakery		bakery	
osm_node_5690140660		41.9922273	21.4266738										Pekon		bakery	
osm_node_5825276233		41.9947174	21.4328019		Monday: 06:00-22:00	Tuesday: 06:00-22:00	Wednesday: 06:00-22:00	Thursday: 06:00-22:00	Friday: 06:00-22:00	Saturday: 06:00-22:00			Bakal bakery Cafe		bakery	
osm_node_6030001487		41.995252	21.4329109										A&M Bakery		bakery	
osm_node_6054035533		41.998952	21.4226434										Жито лев		bakery	
osm_node_6054049791		41.9947966	21.4303519		Monday: 05:30-17:00	Tuesday: 05:30-17:00	Wednesday: 05:30-17:00	Thursday: 05:30-17:00	Friday: 05:30-17:00	Saturday: 07:00-15:00			Жито леб		bakery	
osm_node_6054049792		41.9947186	21.4306863		Monday: 06:00-20:00	Tuesday: 06:00-20:00	Wednesday: 06:00-20:00	Thursday: 06:00-20:00	Friday: 06:00-20:00	Saturday: 06:00-20:00	Sunday: 06:00-20:00		Специјал (Рекорд)		bakery	
osm_node_6079524212		42.0239695	22.5887511										Balkanluks		bakery	
osm_node_6286576686		42.0078109	21.4426057										Солунска	en	bakery	
osm_node_6342814985		41.9995856	21.4172538										Специјал (Универзална Сала)		bakery	
osm_node_6342814987		41.998251	21.4229234										Диман		bakery	
osm_node_6348087927		41.7378209	22.1940087										Паузини		bakery	
osm_node_6353179093	+389 2 246 8608	41.994718	21.430993		Monday: 06:00-15:00	Tuesday: 06:00-15:00	Wednesday: 06:00-15:00	Thursday: 06:00-15:00	Friday: 06:00-15:00	Saturday: 07:00-15:00	Sunday: 07:00-15:00		Breadway Bakery		bakery	
osm_node_6393030288		41.1167063	20.8022026										Жито Леб		bakery	
osm_node_6393030591		41.1128326	20.7997012		Monday: 06:00-24:00	Tuesday: 06:00-24:00	Wednesday: 06:00-24:00	Thursday: 06:00-24:00	Friday: 06:00-24:00	Saturday: 06:00-24:00	Sunday: 06:00-24:00		Жито Леб		bakery	
osm_node_6466706626		41.9947907	21.4245297										Pastel		bakery	
osm_node_6604540001		41.0286208	21.3357201										Мини Пани	en	bakery	
osm_node_6777061986		41.1179008	20.7990557										Жито Леб Bake & Cake		bakery	
osm_node_6777064085		41.1183281	20.79959										Кинг Бурек	en	bakery	
osm_node_6788378886		41.9937464	21.4435816										Бурек Бели Печива		bakery	
osm_node_6831648794	+389 70 701 646	41.1120215	20.8103091		Monday: 06:00-19:00	Tuesday: 06:00-19:00	Wednesday: 06:00-19:00	Thursday: 06:00-19:00	Friday: 06:00-19:00	Saturday: 06:00-19:00			Wake&Bake		bakery	
osm_node_6833101186		41.1139576	20.8002893										Bakery Lihnida		bakery	
osm_node_6833103296		41.115575	20.8050543										Zobi		bakery	
osm_node_6837039495		41.1171332	20.8148364										Ful		bakery	
osm_node_6837039805		41.1238461	20.8122323										Zobi		bakery	
osm_node_7124138460		41.1838352	22.7221835										Мал Одмор		bakery	
osm_node_7373524115		41.7495142	22.2000934										Симонче		bakery	
osm_node_7373524116		41.7500386	22.2000483										Џани		bakery	
osm_node_7823005656		41.1779173	20.6842936		Monday: 07:00-19:00	Tuesday: 07:00-19:00	Wednesday: 07:00-19:00	Thursday: 07:00-19:00	Friday: 07:00-19:00	Saturday: 07:00-19:00	Sunday: 07:00-19:00		Furra Bereqeti-Ag		bakery	
osm_node_7836016465		41.8643766	21.9417838										Шиткарски		bakery	
osm_node_7841117309		41.8648978	21.9426976										Сани		bakery	
osm_node_8435959316		42.192563	22.3103111										Мигор		bakery	
osm_node_8837784031		41.1145247	20.8005713										Bulevar		bakery	
osm_node_9200216053		42.0007979	21.4369355										Burek		bakery	
osm_node_9519468834		41.9959476	21.40898		Monday: 06:00-00:00	Tuesday: 06:00-00:00	Wednesday: 06:00-00:00	Thursday: 06:00-00:00	Friday: 06:00-00:00	Saturday: 06:00-00:00	Sunday: 06:00-00:00		Пекара Милениум	en	bakery	
osm_node_9603648440		41.5093805	20.9615939										Lindi Bakery		bakery	
osm_node_9887978100		41.1779724	20.6795489										Parajsa		bakery	
osm_node_9949883822		41.0305964	21.3374534										Traditional pastry		bakery	
osm_node_10154536448		42.0013267	21.4229717										Бурек Кај Куки		bakery	
osm_node_10177783563		41.8850366	22.5047531										FRI-PEK BAKERY AND CAFÉ		bakery	
osm_node_10184003415		41.993786	21.401441										Козле		bakery	
osm_node_10202493076		41.1774417	20.6755287										Жито Леб		bakery	
osm_node_10209378798		41.79677	20.91345										Гостиварска фурна		bakery	
osm_node_10913632172		41.994903	21.4298716										Cueyujai		bakery	
osm_node_11153448778		41.9991251	21.4389497										Mlečen Restaurant OREX		bakery	
osm_node_11168311456		41.5288022	20.9576202										Sara		bakery	
osm_node_11168311464		41.5179556	20.9573738										Lindi		bakery	
osm_node_11241328884		42.0076191	20.9725658		Monday: 07:00-18:00	Tuesday: 07:00-18:00	Wednesday: 07:00-18:00	Thursday: 07:00-18:00	Friday: 07:00-18:00	Saturday: 07:00-18:00	Sunday: 07:00-18:00		Нобел Бурек		bakery	
osm_node_11269211040		41.9945685	21.4338397										Илија пекара кисми		bakery	
osm_node_11271543415		41.9918006	21.4340569										Жито Леб		bakery	
osm_node_11277232060		41.9919255	21.4309596										Бурекџилница		bakery	
osm_node_11529338157		42.0068995	21.5028199										Тавче Јуниор		bakery	
osm_node_11529349596		42.0056313	21.5025523										Пекара 10		bakery	
osm_node_11899331806		41.939625	21.5154972										Антонио		bakery	
osm_node_12202063301		41.9899487	21.4369738										Пекара Кај Џоле	en	bakery	
osm_node_12229530935		41.987421	21.4520198		Monday: 08:00-23:00	Tuesday: 08:00-23:00	Wednesday: 08:00-23:00	Thursday: 08:00-23:00	Friday: 08:00-23:00	Saturday: 08:00-23:00			Pekara Kismi		bakery	
osm_node_12432960846		41.9945452	21.4303847										Бурекчилница Рекорд		bakery	
osm_node_12557876200		41.021157	21.3196688										Финеса	en	bakery	
osm_node_12750055204		41.9392307	21.5158915										Пекара кај Дуле		bakery	
osm_node_12750055209	072 553 384	41.939191	21.5156935		Monday: 06:00-15:00	Tuesday: 06:00-15:00	Wednesday: 06:00-15:00	Thursday: 06:00-15:00	Friday: 06:00-15:00	Saturday: 06:00-15:00			Бурек Бистра		bakery	
osm_node_12875288067		41.9850025	21.4661419										Кисми - Бисер		bakery	
osm_node_12875291654		41.9854649	21.465628		Monday: 06:00-01:00	Tuesday: 06:00-01:00	Wednesday: 06:00-01:00	Thursday: 06:00-01:00	Friday: 06:00-01:00	Saturday: 06:00-01:00	Sunday: Closed		пекара Бисер		bakery	
osm_node_12909236339		41.9735227	21.4448029		Monday: 07:00-14:00	Tuesday: 07:00-14:00	Wednesday: 07:00-14:00	Thursday: 07:00-14:00	Friday: 07:00-14:00	Saturday: 07:00-13:00			Колачињата на Мама		bakery	
osm_node_12909240158	+389 71 260 755	41.974101	21.4455397		Monday: 09:00-17:30	Tuesday: 09:00-17:30	Wednesday: 09:00-17:30	Thursday: 09:00-17:30	Friday: 09:00-17:30				готвени јадења Бони-лу		bakery	
osm_node_12942505928		41.9916126	21.4330087										„Вардар“ (кори, кадаиф, обланди и корнети)		bakery	
osm_node_12950089748		41.9793841	21.4451173										Кисми		bakery	
osm_node_13056479642		41.0327574	21.3372127										Пекара Кире	en	bakery	
osm_node_13130768051		41.1170588	20.7982593										Bilanja		bakery	
osm_node_13135881401		41.987529	21.4495794		Monday: 06:00-14:00	Tuesday: 06:00-14:00	Wednesday: 06:00-14:00	Thursday: 06:00-14:00	Friday: 06:00-14:00	Saturday: 06:00-14:00			Даст-1		bakery	
osm_node_13952019020	+389 70 592 799	41.1771571	20.6761747										Burek Pod Sac Sarajevo		bakery	
osm_node_13976124770		41.9978513	21.493939										Пекара Сара	en	bakery	
osm_way_122884975		41.9988412	21.4134723										Златен Клас		bakery	
osm_way_251145803		42.0071241	21.3759343										Маки		bakery	
osm_way_437015624		41.3084037	21.5165481										Стефалек	en	bakery	
osm_way_474823770		42.0196674	21.452808										Фурна Диме		bakery	
osm_way_510286001		42.1311746	21.7201714										Gradska pekara		bakery	
osm_way_674305319		42.0122406	21.4447623										Фурна Чаир		bakery	
osm_way_839862842		41.8598598	21.9381499										Шиткарски		bakery	
osm_way_886760583	+38970968049	41.3671842	21.2540843										Мутка	en	bakery	
osm_way_896283096		41.3745779	21.2411023										Жито Крушево	en	bakery	
osm_way_957222508		41.0308902	21.332872										Хрис Фуд		bakery	
osm_way_1054290164		41.4412763	21.3189976										2 Брата	en	bakery	
osm_way_1112040274		41.1239436	20.8119787		Monday: 06:00-18:00	Tuesday: 06:00-18:00	Wednesday: 06:00-18:00	Thursday: 06:00-18:00	Friday: 06:00-18:00	Saturday: 06:00-15:00	Sunday: 06:00-14:00		Жито Леб		bakery	
osm_way_1312338840		41.9394822	21.5161496										Дуле		bakery	
osm_way_1313268317		41.9994228	21.4202258										Вршник		bakery	
osm_way_1315290036		42.0074608	21.3836867										Специјал	en	bakery	
osm_way_1463130029		41.0310918	21.3332583										Фреш		bakery	
osm_way_1499931512		41.98514	21.465961		Monday: 00:00-24:00	Tuesday: 00:00-24:00	Wednesday: 00:00-24:00	Thursday: 00:00-24:00	Friday: 00:00-24:00	Saturday: 00:00-24:00			Силбо фурна аеродром		bakery	
osm_node_26863551		41.7805153	22.506914										Лисец	en	attraction	
osm_node_26864198		41.0026621	21.1831915										Пелистер	en	attraction	
osm_node_332042618		42.0133337	20.887997										Попова Шапка	en	attraction	
osm_node_410115784		41.3377275	21.2579967										Мечкин Камен	en	attraction	
osm_node_444334991		41.9188903	22.4069917										Споменик на слободата	en	attraction	
osm_node_466248926		42.0348398	22.3557992										Пониква	en	attraction	
osm_node_470409981		42.0690911	21.3001786										Манастир Св. Ѓорѓија		attraction	
osm_node_499973497		41.701039	22.859018										Манастир Св. Архангел Михаил	en	attraction	
osm_node_1879436069		42.1706665	21.809838										Костоперска Карпа		attraction	
osm_node_1879461479		42.2633818	21.953118										Кокино - Мегалитска опсерваторија	en	attraction	
osm_node_1911952052		41.1782902	22.20021										Ски Центар Кожуф	en	attraction	
osm_node_1916474196		41.3660062	22.8994641										Смоларски Водопади	en	attraction	
osm_node_1916491348		41.3694361	22.8068634										Колешински водопад	en	attraction	
osm_node_2024605291		42.2782511	21.8500367										Меморијален центар АСНОМ	en	attraction	
osm_node_2051112580		41.1024714	20.8150049										Билјанини Извори	en	attraction	
osm_node_2051418481		40.9964111	20.7972907										Roman Camp Ruins		attraction	
osm_node_2051569337		41.0738678	20.8043628										Св. Стефан	en	attraction	
osm_node_2359124380		41.5126479	20.951411										99.4-053		attraction	
osm_node_2373710718		42.0836218	21.9862589										Цоцев Камен	en	attraction	
osm_node_3011061690		41.0596796	20.8135106										Sv. Nikola		attraction	
osm_node_3263433907		41.4748537	22.5651714										Манастир Св. Богородица Елеуса	en	attraction	
osm_node_3263474161		41.4505759	22.5902413										Манастир Св. Леонтиј	en	attraction	
osm_node_4271160712		41.9936684	21.4317487										Бегова кула	en	attraction	
osm_node_4360784490		41.7330562	22.1768667		Monday: 08:00-20:00	Tuesday: 08:00-20:00	Wednesday: 08:00-20:00	Thursday: 08:00-20:00	Friday: 08:00-20:00	Saturday: 08:00-20:00	Sunday: 08:00-20:00		"Бања ""Ќежовица"""	en	attraction	
osm_node_4413612189		41.9959432	21.4367853										Палата Борис Сарафов	en	attraction	
osm_node_4485692539		41.1132344	20.7907081										Базилика	en	attraction	
osm_node_4489533858		41.6030428	20.5950118										Дуф	en	attraction	
osm_node_4502463693		41.9236123	20.9166613										Park	en	attraction	
osm_node_4551986671		41.1959384	22.7164555										Плажа Карач		attraction	
osm_node_4931101175		41.1124226	20.7953559										Националната работилница за рачна изработка на хартија “Св.Климент Охридски”	en	attraction	
osm_node_4959033521		42.0231523	20.7857053										Долна Лешница		attraction	
osm_node_5052792273	+389 75 508 493	41.1653652	20.586269										Флај Охрид Парагллајдинг	en	attraction	
osm_node_5055432425		42.0769461	22.1823517										Емин-бегова кула	en	attraction	
osm_node_5327471601		41.006774	21.3415263										Св. Троица	en	attraction	
osm_node_5359487099		41.169406	20.837127										Дувало	en	attraction	
osm_node_5387110181		41.8771924	20.5943749										Шерупа / Ksulje e Priftit		attraction	
osm_node_5405804948		41.0881175	20.8227937										Свети Тројца Архиереи		attraction	
osm_node_5728312945		41.3825161	22.7542141										Roman Bathhouse		attraction	
osm_node_5747845483		41.73176	22.9331292										Спиковски водопад 1	en	attraction	
osm_node_6959482985		41.9531993	21.2976681			Tuesday: 10:00-15:00	Wednesday: 10:00-15:00	Thursday: 10:00-15:00	Friday: 10:00-15:00	Saturday: 10:00-15:00	Sunday: 10:00-15:00		Изложбен центар Матка	en	attraction	
osm_node_7780203819		41.516654	20.9762007										Мала Корија	en	attraction	
osm_node_7817956981		41.1124581	20.7977837										Долна Порта	en	attraction	
osm_node_7817956982		41.1150249	20.7949221										Горна Порта	en	attraction	
osm_node_9161046821		41.1122282	20.7958275										Спомен куќа на Христо Узунов	en	attraction	
osm_node_9241880219		41.3453092	22.7642122										Belasica Mountain		attraction	
osm_node_9241882345		41.3842185	22.7436931										Banja Bansko		attraction	
osm_node_9241892458		41.3753678	22.7890861										Габрово Водопади	en	attraction	
osm_node_9241898533		41.3161832	22.7100464										Kochulski Waterfalls		attraction	
osm_node_9241947712		42.307577	21.9320354										Kozjak Mountain		attraction	
osm_node_9242047771		42.1763298	22.3964316										Stanecki Vodopadi		attraction	
osm_node_9244223922		41.014549	20.8534922										Galicica		attraction	
osm_node_9259573601		41.1122327	20.7960624										House of Uranija		attraction	
osm_node_9653138816		41.018858	21.3293819										Ф-86Е	en	attraction	
osm_node_9653178117		41.0186718	21.3292773										Ф-86Д	en	attraction	
osm_node_9874642666		41.2112955	20.9400905										Natural washing machines		attraction	
osm_node_10300604089		41.3586252	21.5409723										Слонот	en	attraction	
osm_node_10733732764		42.0080767	21.3631045										Пампурче		attraction	
osm_node_10733732766		41.9780627	21.4618597										83-064		attraction	
osm_node_11004301405		41.116019	20.8003179										Very old tree	en	attraction	
osm_node_12299611191		42.0780403	22.1815188										Ајдучка Чаршија	en	attraction	
osm_node_12596023736		41.7665978	22.9381412										Вртена скала		attraction	
osm_node_12682526501		42.0224599	21.4189469										Skopje Aqueduct		attraction	
osm_node_13338374438		42.1053224	22.0551404										Камени Кукли		attraction	
osm_node_13356576711		42.0821963	21.3925451										Глувовуд	en	attraction	
osm_node_13373639505		41.9504542	21.2993511										Кањон Матка	en	attraction	
osm_node_13744289302		41.889017	21.2284715										Езеро Козјак	en	attraction	
osm_way_32463336		42.0165648	21.3925592										Скупи	en	attraction	
osm_way_34093752		41.1152413	20.7910898			Tuesday: 09:00-15:00	Wednesday: 09:00-15:00	Thursday: 09:00-15:00	Friday: 09:00-15:00	Saturday: 09:00-15:00	Sunday: 09:00-15:00		Самуилова тврдина	en	attraction	
osm_way_34094478		41.1124214	20.7909818										Св. Климент и Пантелејмон	en	attraction	
osm_way_37372709		41.6674489	22.9052913										Беровско Езеро	en	attraction	
osm_way_37956139		41.0111126	21.3423963										Хераклеа Линкестис	en	attraction	
osm_way_44038503		42.0019954	21.4413465										Саат-кула		attraction	
osm_way_44038732		42.0032008	21.4417616										Иса-бегова џамија		attraction	
osm_way_44039295		42.0075347	21.4421407										Јахја-пашина џамија	en	attraction	
osm_way_134283604		42.067816	21.2907012										Девојачки Камен		attraction	
osm_way_161468292		42.0514297	21.3618946										Хиподром Волково	en	attraction	
osm_way_172178304		42.0020406	21.4354641										Мустафа-пашина џамија	en	attraction	
osm_way_175265123		41.9985276	21.4264089										Соборен храм Свети Климент Охридски	en	attraction	
osm_way_175476254		42.0098359	21.4151144										Градски парк	en	attraction	
osm_way_177490047		41.8933367	21.4023539										Марков Манастир	en	attraction	
osm_way_180360206		42.0223515	21.4192978										Аквадукт Скопје	en	attraction	
osm_way_181715932		42.0050293	22.1756458										Аквапарк Пробиштип	en	attraction	
osm_way_181986735		42.0132986	22.2284115										Лесновски манастир	en	attraction	
osm_way_182451777		42.0409483	21.3533217										Картинг Клуб	en	attraction	
osm_way_182927657		42.1255318	21.4283099										Манастир Св. Богородица	en	attraction	
osm_way_182933841		42.1097792	21.4695998										Манастир Св. Никола	en	attraction	
osm_way_183590617		42.0855825	21.4098688										Манастир Св. Илија	en	attraction	
osm_way_184298875		41.9380352	22.4597043										Манастир Добра Вода	en	attraction	
osm_way_184613907		41.9683426	22.3097693										Манастир Св. Пантелејом	en	attraction	
osm_way_188625183		41.7890727	22.3276385										Манастир Св. Петка	en	attraction	
osm_way_189884671		42.010945	21.4041104										Аквапарк	en	attraction	
osm_way_189909367		41.7990258	22.2905474										Баргала	en	attraction	
osm_way_190250979		42.132185	21.4141055										Манастир Св. Архангели	en	attraction	
osm_way_192121734		41.0349717	21.3384693										Џамија Ајдар Кади		attraction	
osm_way_192125506		41.5129918	20.9664553										Китино Кале	en	attraction	
osm_way_194610965		41.1120545	20.7941752										Св. Софија	en	attraction	
osm_way_209092691	+38975210752	41.5520236	21.9734409		Monday: 08:00-16:00	Tuesday: 08:00-16:00	Wednesday: 08:00-16:00	Thursday: 08:00-16:00	Friday: 08:00-16:00	Saturday: 08:00-16:00			Стоби	en	attraction	
osm_way_212703196		41.4324514	22.6300225										Цареви Кули	en	attraction	
osm_way_212703220		41.4294409	22.6131488										Св. Илија	en	attraction	
osm_way_222662720		41.0768813	20.8005056										Metropolis Beach		attraction	
osm_way_222848320		41.3568797	21.2659215										Крушевски Манастир	en	attraction	
osm_way_224479816		42.129912	21.3875848										Манастир Св. Илија	en	attraction	
osm_way_224495829		41.950593	21.2991937										Св. Андреја	en	attraction	
osm_way_224656219		40.9884145	21.3413763										Манастир Св. Христофор	en	attraction	
osm_way_227433408		41.1485732	22.5217936										Вардарски Рид	en	attraction	
osm_way_228209293		41.2394346	20.5846585										Вевчански Извори	en	attraction	
osm_way_229939246		41.9650199	21.394421										Милениумски крст	en	attraction	
osm_way_231344771		42.0014931	21.5054395										Тумба Маџари	en	attraction	
osm_way_233274330		41.1111244	20.7887653										Св. Јован Канео	en	attraction	
osm_way_241085465		42.0057305	20.9667613										Шарена Џамија	en	attraction	
osm_way_270989243		40.9545932	20.8121012										Полетување Галичица	en	attraction	
osm_way_334220753		41.3602308	21.5342465		Monday: 07:00-16:00	Tuesday: 07:00-16:00	Wednesday: 07:00-16:00	Thursday: 07:00-16:00	Friday: 07:00-16:00	Saturday: 07:00-16:00			Варошки Манастир	en	attraction	
osm_way_334368552		41.4669708	21.4620626										Браиловски Манастир	en	attraction	
osm_way_338675543		41.3342884	21.5545089										Могила на непобедените	en	attraction	
osm_way_356219819		40.986016	21.0851785										Св. Георгиј	en	attraction	
osm_way_356302521		42.1983101	21.8281924										Св. Великомаченик Георгиј	en	attraction	
osm_way_406222435		41.3221933	21.5607907										Нов Селечки Манастир	en	attraction	
osm_way_413913224		41.1364736	21.8061421										Полчишки Манастир	en	attraction	
osm_way_423203051		42.0308413	21.486499										Смилковски Манастир	en	attraction	
osm_way_435146558		41.2714521	21.3901052										Пашинорувчански Манастир	en	attraction	
osm_way_442440400		41.3404219	21.6896482										Беловодички Манастир	en	attraction	
osm_way_445676243		42.0036716	20.9571971										Арабати баба-теќе		attraction	
osm_way_474869860		42.0011057	21.4371238										Турска Чаршија	en	attraction	
osm_way_474873958		42.0007999	21.4335309										Скопско кале	en	attraction	
osm_way_476192899		41.9957099	21.4359181										Мост на уметноста	en	attraction	
osm_way_496314253		41.4286124	21.6203108										Присадски Манастир	en	attraction	
osm_way_511393564		40.9789614	20.9154883										Европа	en	attraction	
osm_way_537926854		41.9523798	21.2987388										Брана Св. Андреја	en	attraction	
osm_way_556794423		41.3665814	21.5983235										Оревоечки манастир	en	attraction	
osm_way_579710993		41.1750316	20.6773421										Парк на поезијата	en	attraction	
osm_way_671991322		41.6535011	22.9761035										Бачило Клепало		attraction	
osm_way_702385689		41.5424373	20.6300523										Елен Скок	en	attraction	
osm_way_762181802		41.1865856	22.7229041										Градска плажа		attraction	
osm_way_800541180		41.2743878	21.2922042										Бучински Манастир	en	attraction	
osm_way_802140932		41.2484519	21.6078683										Писокалски Манастир	en	attraction	
osm_way_802697353		41.2472731	21.6691195										Трпчев Манастир	en	attraction	
osm_way_803098570		41.2203313	21.6861658										Дуњски Манастир	en	attraction	
osm_way_804719910		41.4083235	21.2204131										Селечки Манастир	en	attraction	
osm_way_805969120		41.2961983	21.4875646										Беровчански Манастир	en	attraction	
osm_way_808202710		41.3582823	21.627288										Ленишки Манастир	en	attraction	
osm_way_837627783		41.2265457	21.1509663										Слепченски Манастир	en	attraction	
osm_way_837627787		41.238575	21.1507339										Добромировски Манастир	en	attraction	
osm_way_848609726		41.1478465	21.3215278										Лисолајски Манастир	en	attraction	
osm_way_849458419		41.00838	21.3185968										Смолевски Манастир	en	attraction	
osm_way_850148706		41.325515	21.5937551										Стар Селечки Манастир	en	attraction	
osm_way_875861915		41.5212013	21.3415704										Зрзески Манастир	en	attraction	
osm_way_876862894		40.9861486	21.0848442										Курбиновски манастир	en	attraction	
osm_way_878692332		41.0112248	21.0807151										Грнчарски Манастир	en	attraction	
osm_way_878701113		41.0374119	21.0742597										Подмочански Манастир	en	attraction	
osm_way_881329322		41.2961883	21.2532412										Журчански Манастир	en	attraction	
osm_way_881404053		41.346308	21.2741608										Трстенички Манастир	en	attraction	
osm_way_892437330		41.4382231	21.7432732										Никодински Манастир	en	attraction	
osm_way_893155849		41.1587114	21.6864086										Чанишки Манастир	en	attraction	
osm_way_899133489		41.2865774	21.6704685										Северен Манастир	en	attraction	
osm_way_899133491		41.2753836	21.6619357										Источен Манастир	en	attraction	
osm_way_899200388		41.4038539	21.538239										Манастир Трескавец	en	attraction	
osm_way_899465453		41.165019	21.7263832										Мариовски Манастир	en	attraction	
osm_way_899474895		41.3229712	21.7799888										Дренски Манастир	en	attraction	
osm_way_899631570		41.2710192	21.7632365										Вепрчански Манастир	en	attraction	
osm_way_899632722		41.1636934	21.7811163										Мелнички Манастир	en	attraction	
osm_way_899882848		41.2928482	21.6345729										Кокренски Манастир	en	attraction	
osm_way_903191166		41.7519064	22.0180716										Ѓаволски Ѕид	en	attraction	
osm_way_905876269		41.3883737	20.656632										Стар Локовски Манастир	en	attraction	
osm_way_906593550		41.1161829	21.8048998										Саточки Манастир	en	attraction	
osm_way_981839474	+38944383000	42.06699	21.0279874										Нов Лешочки Манастир	en	attraction	
osm_way_981848707		42.0702071	21.0270748										Стар Лешочки Манастир	en	attraction	
osm_way_1001395818		41.017251	20.8097761										Peshtani Beach		attraction	
osm_way_1044295874		41.41386	21.412573										Белополски Манастир	en	attraction	
osm_way_1102958061		41.3666135	21.7406418										Тројачки Манастир	en	attraction	
osm_way_1102961308		41.3043636	21.565832										Волковски Манастир	en	attraction	
osm_way_1102967572		41.2902067	21.5966952										Прилепечки Манастир	en	attraction	
osm_way_1110133260		41.8789082	22.5106034										Свет Крст		attraction	
osm_way_1119188024		41.5147763	20.5490734										Рајчки Манастир	en	attraction	
osm_way_1134050916		41.0358619	21.3022403										Довлеџички Манастир	en	attraction	
osm_way_1134050922		41.0430399	21.3315251										Стар Битолски Манастир	en	attraction	
osm_way_1138384215		41.0746783	21.5397019										Суводолски Манастир	en	attraction	
osm_way_1218564775		41.0881447	21.0159323										Ресенски сарај	en	attraction	
osm_way_1264805071		41.6350848	22.4677828										Св.Тројца	en	attraction	
osm_way_1303719340		41.8288213	21.6893619										Ветерски Манастир	en	attraction	
osm_way_1303719367		41.8293791	21.686677										Кожленски Манастир	en	attraction	
osm_way_1304808055		41.2826007	21.5580254										Чумовски Манастир	en	attraction	
osm_way_1315424670		41.4595789	20.9349018										Кичевски Манастир	en	attraction	
osm_way_1319142746		41.3864429	20.6385456										Нов Локовски Манастир	en	attraction	
osm_way_1319175923		41.3723296	20.5804155										Модрички Манастир	en	attraction	
osm_way_1319184288		41.3026725	20.6578686										Брчевски Манастир	en	attraction	
osm_way_1319188081		41.2170569	20.572939										Горнобелички Манастир	en	attraction	
osm_way_1319265023		41.2022056	20.6437356										Долнобелички Манастир	en	attraction	
osm_way_1319301703		41.2178756	20.6942584										Драслајчки Манастир	en	attraction	
osm_way_1322159472		41.2896809	21.2254683										Нов Журченски Манастир	en	attraction	
osm_way_1322162624		40.903559	21.5995209										Живојнски Манастир	en	attraction	
osm_way_1322348123		40.9134484	20.7409149										Љубанишки Манастир	en	attraction	
osm_way_1322998042		41.2847741	21.0920443										Топлички Манастир	en	attraction	
osm_way_1322998055		41.2596776	21.0625583										Слоештички Манастир	en	attraction	
osm_way_1323366523		41.2066094	21.2454608										Суводолски Манастир	en	attraction	
osm_way_1329164540		42.2082859	22.3637913										Осоговски Манастир	en	attraction	
osm_way_1329393428		41.961784	21.295971										Манастир Успение на Пресвета Богородица	en	attraction	
osm_way_1329467520		42.0111829	20.8823693										Манастир Попова Шапка	en	attraction	
osm_way_1329471928		40.9780627	21.1004096										Сливнички Манастир	en	attraction	
osm_way_1330252489		41.9517735	21.304246										Шишевски Манастир	en	attraction	
osm_way_1330278534		41.9768901	21.3744245										Горнонерески Манастир	en	attraction	
osm_way_1331445406		41.0359845	21.3158799										Нов Битолски Манастир	en	attraction	
osm_way_1333453294		41.1849582	20.8769324										Опенички Манастир	en	attraction	
osm_way_1353208556		41.3415963	22.8474832										Ѓаволски мост		attraction	
osm_way_1358974141		41.0829783	21.0304071										Добровски Манастир	en	attraction	
osm_way_1359255033		40.9794559	20.9157098										Југославија	en	attraction	
osm_way_1395332301		42.0086101	21.614253										Ајватовски Манастир	en	attraction	
osm_way_1442897058		41.5511177	21.4403395										Гостиражненски Манастир	en	attraction	
osm_way_1444822791		41.4935295	22.1080551										Неготински Манастир	en	attraction	
osm_way_1448982609		41.1421205	20.8405624										Лескоечки Манастир	en	attraction	
osm_way_1452875616		41.2591092	21.4233153										Загорански Манастир	en	attraction	
osm_way_1457868894		41.0448757	21.4386811										Новачки Манастир	en	attraction	
osm_way_1497789103		41.1146475	20.7938029										Антички театар	en	attraction	
osm_way_1515589705		40.9694709	21.6423985										Скочивирски Манастир	en	attraction	
osm_way_1521621170		41.9000266	21.613463										Тауресиум	en	attraction	
osm_way_1525565104		41.9030614	21.8375383										Ѓуришки Манастир	en	attraction	
osm_way_1528047789		41.4137644	20.5700928										Дримколски Манастир	en	attraction	
osm_way_1531616257		41.4019155	21.173058										Горнодивјачки Манастир	en	attraction	
osm_node_365840193		41.977572	21.4213025										Видиковец - Водно		viewpoint	
osm_node_367614267		42.0004463	21.432538										Видиковец „Скопско кале“		viewpoint	
osm_node_493900207		40.9539377	20.8125316										Баба	en	viewpoint	
osm_node_548009371		41.9651264	21.3945115										Милениумски Крст		viewpoint	
osm_node_1444764994		41.0246942	21.2059164										Видиковец	en	viewpoint	
osm_node_1507082598		41.0214101	21.2228278										Jorgov Kamen		viewpoint	
osm_node_1542347444		41.8594296	21.738296										Црн Врв		viewpoint	
osm_node_1879078048		41.9288656	21.5226047										Три Круши		viewpoint	
osm_node_2437861439		40.965271	20.8113113										Коритски Рид	en	viewpoint	
osm_node_3157074744		41.961308	21.292864										Matka canyon viewpoint near golden cross		viewpoint	
osm_node_4124437189		40.9959098	20.7981425										Bay of Bones Viewpoint		viewpoint	
osm_node_4210813497		41.6775801	20.7742112										Villa Magjike		viewpoint	
osm_node_4512398449		42.2632133	21.952618										Платформа А	en	viewpoint	
osm_node_4512398450		42.2633296	21.9533467										Платформа Б	en	viewpoint	
osm_node_4512398451		42.2630995	21.9524936										Платформа Ц	en	viewpoint	
osm_node_4512398452		42.2635002	21.9529791										Платформа Д	en	viewpoint	
osm_node_4512399865		42.2637118	21.95375										Ограден ѕид Е	en	viewpoint	
osm_node_4553851295		41.6819113	21.277302										Белица -> Бегово	en	viewpoint	
osm_node_5292123323		41.9982669	21.4010749										Прашка 24а тука некаде		viewpoint	
osm_node_5292123324		41.9838309	21.441234										Жил Верн 11, 11а, 11б		viewpoint	
osm_node_5292123326		42.0012377	21.3986567										Havanska 4		viewpoint	
osm_node_5292123331		41.982197	21.4276466										Кратовска 18		viewpoint	
osm_node_5292123333		41.9939383	21.4049623										Стогово 17б		viewpoint	
osm_node_5292130822		42.0037361	21.4453566										Челопек 76		viewpoint	
osm_node_5292130825		41.9822809	21.4280215										Kratovska 15		viewpoint	
osm_node_5292130827		41.988602	21.4360252										11 Oktomvri 46		viewpoint	
osm_node_5292130835		41.984918	21.423258										Христо Чернопеев 9		viewpoint	
osm_node_5292130838		41.9791819	21.431652										Рилски конгрес 100		viewpoint	
osm_node_5292130841		42.0007768	21.3975936										Варшавска 15		viewpoint	
osm_node_5292130842		42.0007949	21.3975403										Варшавска 15а		viewpoint	
osm_node_5292130850		42.0001963	21.3871218										Будимпештанска 14		viewpoint	
osm_node_5292130922		41.9815782	21.4212136										Тодор Александров 85		viewpoint	
osm_node_5292130925		42.028905	21.381609										Ruska rezidencija		viewpoint	
osm_node_5292130926		42.0288099	21.379023										Ulica 6 br 52		viewpoint	
osm_node_5292130927		41.9834597	21.4191368										Todor Aleksandrov 77		viewpoint	
osm_node_5292130930		41.9961233	21.4020147										Teodosij Gologanov 63		viewpoint	
osm_node_5292130931		41.9965472	21.3940285										Настел		viewpoint	
osm_node_5292130932		41.9756138	21.4740568										Gavril Konstantinovik 32a		viewpoint	
osm_node_5292130936		41.9970637	21.3927793										Jurij Gagarin 65a		viewpoint	
osm_node_5292130940		41.9922852	21.4044155										Крчин 11б		viewpoint	
osm_node_5292131421		41.994869	21.413215										Teodosij Gologanov 69		viewpoint	
osm_node_5292131422		41.9935889	21.4004663										Strezovo 2		viewpoint	
osm_node_5292131423		41.9880922	21.4125895										Питу Гули 31		viewpoint	
osm_node_5292131721		41.9839599	21.4330518										Томе Арсовски 26		viewpoint	
osm_node_5885148053		42.081857	21.9862604										Cocev kamen		viewpoint	
osm_node_6386335237		41.963909	21.3820452										Видиковец		viewpoint	
osm_node_7057315085		41.2407209	20.5816641										Старча		viewpoint	
osm_node_7776507496		41.5165754	20.9761293										Поглед кон Кичево	en	viewpoint	
osm_node_7935589502		41.0102064	21.2195227										Crveni Steni (Red Rocks)		viewpoint	
osm_node_13087239550		42.0573621	20.8131008										Ford		viewpoint	
osm_node_13326605055		41.318398	21.5596545										Ебарник	en	viewpoint	
osm_node_13809322027		41.8889251	21.2274944										Видиковец езеро Козјак	en	viewpoint	
osm_node_13877484753		41.8986897	21.6135396										Видиковец Таор	en	viewpoint	
osm_node_1440469233		41.1119405	20.7945346										Вила Албина		guest_house	
osm_node_1872779042		41.6767336	22.896807										Вила Вакане		guest_house	
osm_node_1872779050		41.6774869	22.8963993										Вила Фидански		guest_house	
osm_node_1872779051		41.6783964	22.893422										Вила Нешо		guest_house	
osm_node_2125981870		42.0612669	21.4436433										Stojanovski Palace		guest_house	
osm_node_2503292107		41.1202504	20.7992249										Apartmani Joce		guest_house	
osm_node_2613864910		41.026562	21.3295834										Guesthouse		guest_house	
osm_node_2614590053	+389 46250655	41.1126572	20.7969076										Вила Мал Свети Климент		guest_house	
osm_node_3046111413	+389 47 293040	41.0310731	21.2644333										Villa Dihovo		guest_house	
osm_node_3076974521		41.114294	20.79913										Apartments Stars		guest_house	
osm_node_3100113826		41.1130555	20.8016699										DJ Apartments		guest_house	
osm_node_3297076133		41.9921961	21.4208286										Rezidencija Ancevski		guest_house	
osm_node_3642683410		41.1108779	20.8038545										Апартмани Симоноски		guest_house	
osm_node_4167839093	+38970550590	41.1114353	20.794219										"Апартмани ""Kрај eзеро"", Охрид"	en	guest_house	
osm_node_4206877090		41.1130805	20.8121042										House Nativa		guest_house	
osm_node_4210858997		42.0112718	21.372544										Feng Shui Apartments		guest_house	
osm_node_4239751190		41.0868845	20.8276341										Velestovo House 		guest_house	
osm_node_4258423490	+38978218662	41.1791568	22.7225812										Guest House Stefani		guest_house	
osm_node_4278125896		41.1216886	20.7819966										Maja, Anja, Zoko Relax		guest_house	
osm_node_4278652891		41.0522578	20.812412										Villa Minami		guest_house	
osm_node_4367466190	+38970332285	41.9951281	21.4312446										ARSS Apartment Skopje Main Square		guest_house	
osm_node_4403421489		42.0208797	21.5102101										Dullo Residence		guest_house	
osm_node_4471993692		41.1229582	20.8253145										Doma		guest_house	
osm_node_4524189289		42.1373916	21.7042207										adra home	en	guest_house	
osm_node_4580254502		41.7421767	22.1990976										Ники	en	guest_house	
osm_node_4584405590		41.7369271	21.790854										Лисец	en	guest_house	
osm_node_4610351504	070325056	41.0312534	20.8058338										Anmarin villa	en	guest_house	
osm_node_4741049668		42.1906739	22.3593935										Vila Ana Marija		guest_house	
osm_node_4771599070		41.1176909	20.8213829										Guest House Hristiva		guest_house	
osm_node_4790085625		41.012831	20.808759										Apartmani Basoski		guest_house	
osm_node_4799949221		42.0026457	21.3630234										Колективен Објект за Димување - Зградс	en	guest_house	
osm_node_4919812121	+389 78866935	41.9788535	21.432752										Antigona Apartments		guest_house	
osm_node_5062407921		41.4886578	22.0891251										Хаусе Ла Страда	en	guest_house	
osm_node_5078898526	+38970424304	41.1114873	20.7939245										Каневче	en	guest_house	
osm_node_5407061323	0038970310883	42.1323055	21.3328936										Вила Блаце	en	guest_house	
osm_node_5477597717		41.119307	20.8054883										Bitrak Guest House		guest_house	
osm_node_5549855914		41.9890951	21.4284265										Sir Oliver Apartments		guest_house	
osm_node_5592326662		41.1119258	20.8110564										Вила Лука	en	guest_house	
osm_node_5600348022		40.9612302	20.7827389										Villa Filip		guest_house	
osm_node_5642316888		41.1846147	22.7193183										Вила Оаза	en	guest_house	
osm_node_5703409131		41.1173197	20.8138456										Villa Ohrid Anastasia		guest_house	
osm_node_5747857129		41.7300975	22.9355528										Дивине		guest_house	
osm_node_5747974915		41.7328747	22.9572589										Чодосова колиба		guest_house	
osm_node_5762131112		41.112325	20.7946532										Jovanovic Guest House		guest_house	
osm_node_5770706406		41.1128406	20.813958										Villa Emilija	en	guest_house	
osm_node_5890717254		41.1074189	20.8079165										Смакоски	en	guest_house	
osm_node_5890928715		41.1082348	20.8064785										Жика		guest_house	
osm_node_5931045507		41.1464743	22.5047279										Jana Apartments		guest_house	
osm_node_5931049834		41.1357078	22.4908565										Вила Катерина	en	guest_house	
osm_node_5931104187		41.1789398	20.6781683										Jovanoski Apartments		guest_house	
osm_node_5931115449		41.108673	20.8092556										Дудан	en	guest_house	
osm_node_6370381412		41.032074	20.8092216										Вила Тесла	en	guest_house	
osm_node_6370384076		41.0995418	20.8171019										Casa Farmak		guest_house	
osm_node_6370445971		41.1132292	20.7951271										Apartment Ain		guest_house	
osm_node_6470124865		41.1237285	20.7887576										TA&TI		guest_house	
osm_node_6470210057		41.1213876	20.8007499										Вила Арсови		guest_house	
osm_node_6643160007		41.1103782	20.8080677										Breeze Dream Apartment		guest_house	
osm_node_6643181133		41.1099389	20.8079597										Breeze Dream Apartment		guest_house	
osm_node_6702715833	+389 70300188	41.109198	20.8097851										KARIA Apartments		guest_house	
osm_node_6828344527		41.109396	20.8113131										Art B&B		guest_house	
osm_node_8393942717		41.9397621	21.5193379										Mesut		guest_house	
osm_node_8687409752		41.7223776	20.7349061										Villa Vrben		guest_house	
osm_node_8846037529	+389 70 611 166	42.0537619	20.8276771										Afrim Guest House		guest_house	
osm_node_9163141324		41.1211612	20.8009152										Krstanoski		guest_house	
osm_node_9241932424		42.0771337	22.1826349										Etno House Shancheva	en	guest_house	
osm_node_10203858688	+389 71 787 123	41.1745871	20.6743045										Ajro Rooms		guest_house	
osm_node_10204019518	+389 70 646 021	41.1749613	20.6815069										Ideal		guest_house	
osm_node_10204019528		41.175411	20.6791569										Art Caffe		guest_house	
osm_node_10204019581	+389 70 761 305	41.175347	20.6713212										Villa Bolonja		guest_house	
osm_node_11073372027	+389 70 306 015	41.9644977	21.2962338										Canyon View Lodge		guest_house	
osm_node_11197400737		41.1801611	20.6802963										Dritans House		guest_house	
osm_node_11238651025	+389 70 597 120	41.1196311	20.8097153										Bajam Apartments		guest_house	
osm_node_11238652786	+389 76 572 093;+389 75 524 904	41.1158215	20.8105418										Apartments Lejla		guest_house	
osm_node_11529390223		41.1773231	22.7248362										Apartments Aqualux Luxury		guest_house	
osm_node_12475912578		41.025795	21.3365103										Stone Bridge Apartments		guest_house	
osm_node_12921658674		42.0617418	20.8434462										Bletaria Muhamet Jashari		guest_house	
osm_node_12954176558		41.6198946	20.6096914										Guest Mansion		guest_house	
osm_node_12987569078	+38975 269 535	41.0298082	21.2633531										Villa Old House BN		guest_house	
osm_node_13076348855		42.0229469	20.8364803										Stanet 1Maj		guest_house	
osm_node_13090621999		41.1103023	20.8054471										Blue Apartments		guest_house	
osm_node_13199902737		41.4276077	22.6486776										Grand Apartments Strumica		guest_house	
osm_node_13201511167		41.1188438	20.788247										Damjan Apartments		guest_house	
osm_node_13387657081		42.0807433	20.9067431										𝐕𝐈𝐋𝐀 𝐌𝐀𝐋𝐎𝐑𝐄 “ 𝐅𝐀𝐌𝐈𝐋𝐘 𝐀𝐑𝐈𝐅𝐈		guest_house	
osm_node_13392850702	+389 713 26 917	41.3189917	22.5536338										Chorev		guest_house	
osm_node_13417339207	+38970416377	41.1142567	20.7994522										Guest House Marli		guest_house	
osm_node_14010277802		41.1130354	20.8130534										Guest House La Baja		guest_house	
osm_node_14023565348		41.1017545	20.6328395										Villa Vista Magica		guest_house	
osm_node_14065955161		41.3456761	21.0096574										Villa Gezve		guest_house	
osm_way_223875599		41.364588	21.2511394										Вила Гора 1	en	guest_house	
osm_way_223971437		41.370258	21.2507011										Вила Каса Ла Кола	en	guest_house	
osm_way_224234374	+38975245724;+38971229866	41.3666867	21.2493377										Павија	en	guest_house	
osm_way_239235851		41.3690642	21.2481563										Мечка	en	guest_house	
osm_way_239444129	+38970333859;+38971261398	41.3695132	21.2502126										Медуза Темпл	en	guest_house	
osm_way_248521672		41.9842939	21.4191072										Вила Гала	en	guest_house	
osm_way_359528833		41.0266592	21.3350815										Вила Конзули	en	guest_house	
osm_way_582015027		41.113881	20.8092722										Karoski Apartments		guest_house	
osm_way_587802579		41.9945897	22.3573565										Осоговска Куќа		guest_house	
osm_way_616372140	+389 77 533 766	41.965583	21.3036047										Riverside Haven		guest_house	
osm_way_616372535		41.9641972	21.3014827										Hillside Haven		guest_house	
osm_way_625513356		41.1149728	20.7945114										Vila Forum		guest_house	
osm_way_626844485		41.1123274	20.7952592										Villa Germanoff		guest_house	
osm_way_626882201		41.1121928	20.793357										Villa Sofija		guest_house	
osm_way_665268768		41.1936363	22.0670908										Одморалиште Михајлово		guest_house	
osm_way_693607493		41.9902022	21.4158715										The Yard Guesthouse		guest_house	
osm_way_888164563	+38978968607	41.367304	21.2507693										Ариа	en	guest_house	
osm_way_890857700	+38975711911;+38978301413	41.3652328	21.2502277										Штабески Тодор Ла Штабе	en	guest_house	
osm_way_890857701	+38976295229	41.3651263	21.2503295										Нули	en	guest_house	
osm_way_890869236	+38948477893	41.3648833	21.2488695										Сотир и Мирјана	en	guest_house	
osm_way_890869237	+38976333040	41.3647154	21.2485561										Флора	en	guest_house	
osm_way_890882040		41.3644671	21.2494522										МВР	en	guest_house	
osm_way_892811532	+38976408909;+38970364515	41.3676931	21.2462043										Винце	en	guest_house	
osm_way_892821338	+38978309253	41.3680579	21.2467865										Кристи	en	guest_house	
osm_way_953823427	+38978753877	41.1120047	20.7947527										Apartments Bojadzi		guest_house	
osm_way_953823512		41.1119158	20.7951927										Villa Lucija		guest_house	
osm_way_1068995476		42.0771328	22.1826348										Етно Куќа Шанчева	en	guest_house	
osm_way_1107785874		41.1843619	22.7218191										Апартмани Фук Так		guest_house	
osm_way_1132608451		41.1621404	22.5046168										Cozy Modern Appartment		guest_house	
osm_way_1241495327		41.1771375	22.7247768										Apartments Aqualux		guest_house	
osm_way_1340372439		42.0827795	22.1642135										Vila Sara		guest_house	
osm_way_1393130661		42.0314817	20.8909614										Agroturizem Vila Stanet		guest_house	
osm_way_1469185541	+38976259806	42.0155617	20.8813056										Scardus Junior		guest_house	
osm_way_1482159493		42.0163596	20.8833118										Sunny Hill Villa		guest_house	
osm_node_4817169757		41.641133	22.460286										Парк на Младите		park	
osm_node_12312241818		42.0764266	22.1811261										Мини Парк Карши Бавча	en	park	
osm_node_12736534821		41.9768614	21.4345711										kids park		park	
osm_node_13342961847		41.2313265	20.598575		Monday: 09:00-21:00	Tuesday: 09:00-21:00	Wednesday: 09:00-21:00	Thursday: 09:00-21:00	Friday: 09:00-21:00	Saturday: 09:00-21:00	Sunday: 09:00-21:00		KöyYeri		park	
osm_node_13651973913		42.1417214	21.5861957										Parteri i shkolles		park	
osm_node_13943870574		41.5578652	21.1898417										Waterfall		park	
osm_node_13960883522		41.359961	22.9420971										Друштво за граѓанска наука - “ЕЛЕНИШТЕ”		park	
osm_way_28214395	+389 2 322 0578	42.006809	21.417579										Зоолошка градина Скопје	en	park	
osm_way_32303505		42.0077792	21.3631972										Парк Ѓорче Петров		park	
osm_way_32490228		41.9936365	21.4339296										Парк Жена-борец	en	park	
osm_way_32653249		41.9979778	21.3901323										Парк Македонија 3		park	
osm_way_32674538		41.9964019	21.4014228										Парк Македонија 2	en	park	
osm_way_32784404		42.0090589	21.3935955										Карпош		park	
osm_way_33463711		41.4446418	22.6373148										Градски парк Струмица	en	park	
osm_way_37729014		41.916637	22.4124155										Парк на Револуцијата	en	park	
osm_way_37879858		41.9196417	22.4054363										Локубија	en	park	
osm_way_37879873		41.9178497	22.4139738										Асном		park	
osm_way_38176415		41.0201	21.3400252										Градски Парк	en	park	
osm_way_38256678		41.017892	21.3411427										Градски Парк		park	
osm_way_88180871		42.007802	20.9828561										Жена парк		park	
osm_way_147712082		41.9834056	21.4710205										Парк Јане Сандански		park	
osm_way_158684979		42.1352908	21.7198956										Градски Плоштад		park	
osm_way_158998229		42.1294049	21.7181965										Соколански парк		park	
osm_way_160554146		42.1360524	21.7090649										Болнички Парк		park	
osm_way_167301588		41.8646756	21.9385481										Градски парк „Александар Серафимов“	en	park	
osm_way_177207730		41.9894411	21.476764										Парк Авионче	en	park	
osm_way_181613560		42.1826767	22.1635705										Гиновце		park	
osm_way_191045071		41.4060944	22.2596243										Rock Climbing Park (Trad and Sport)		park	
osm_way_228746642		42.0061052	21.502446										Методија Андонов - Ченто		park	
osm_way_231098674		41.9860088	21.4868429										Рајски парк		park	
osm_way_232225163		41.436627	22.6374737										Мал Парк		park	
osm_way_297523267		41.7970895	20.9163677										Mara ugrinova		park	
osm_way_298284042		42.0069237	21.373801										Парк Влае		park	
osm_way_301424731		41.0335982	21.3370253										Св. Наум	en	park	
osm_way_365594892		41.9616823	22.7773126										Градски Парк	en	park	
osm_way_365654383		41.9658491	22.7727163										Градски Парк		park	
osm_way_414650719		41.974154	21.4864911										Парк Бановина		park	
osm_way_444881600		41.7370144	22.200763										Парк Пролече		park	
osm_way_444884431		41.7333814	22.2054825										Сутлак		park	
osm_way_445152264		41.7359475	22.198133										Парк Болница		park	
osm_way_445155141		41.7376964	22.2003817										Парк Стар Пазар		park	
osm_way_445155142		41.7367935	22.2021314										Парк Кули		park	
osm_way_445155145		41.7376984	22.2013047										Парк Полиција		park	
osm_way_445519799		41.7455046	22.190014										Парк 8ми Ноември		park	
osm_way_451744954		41.1118265	20.8010202										Охрид Градскиот парк	en	park	
osm_way_476397816		42.0153548	21.4457968										Парк Чаир		park	
osm_way_487162446		42.0035892	21.427568										Парк на Франкофонијата		park	
osm_way_507902168		41.1731355	20.6819442										Централен Парк		park	
osm_way_529211786		42.2702576	22.3827043										СВИМ „Трновски Ветер“		park	
osm_way_548919797		41.9957337	21.4066324										Парк Македонија 1		park	
osm_way_549786428		41.4334042	22.6438222										Бежански парк		park	
osm_way_579502953		41.1740391	20.6771984										Галеб		park	
osm_way_616576325		41.9810873	21.4437899										Парк Фредерик Шопен	en	park	
osm_way_670289212		42.0068383	21.5083331										Финско Паркче		park	
osm_way_677901018		41.7753185	22.4379584										УГД Центар за доживотно учење		park	
osm_way_816538102		41.4018835	22.0283407										Спомен парк Ваташа		park	
osm_way_816604530		41.3436481	21.5583497										Стара Црква	en	park	
osm_way_818921615		41.4835803	20.9222643										Школски Парк		park	
osm_way_834714771		42.0003975	21.3714656										Park Hrom		park	
osm_way_839023061		41.8619185	21.9392236										Нов Парк		park	
osm_way_840074815		41.2035489	22.5761341										Градски Парк	en	park	
osm_way_841590073		41.1391705	22.5025578										Централен Парк	en	park	
osm_way_844386823		41.9920106	21.4388406										Pump track		park	
osm_way_849621983		41.9146934	22.419077										Паркче кај Хемиското		park	
osm_way_860182288		42.0094171	20.9839562										Nin Park		park	
osm_way_860412809		41.3430769	21.5474661										Парк на љубовта	en	park	
osm_way_888378403		41.3650708	21.2497783										Питу Гули	en	park	
osm_way_890956341		41.0288842	21.3271401										Стефан Наумов-Стив	en	park	
osm_way_899299995		41.3418861	21.5555588										Врбеско Маало	en	park	
osm_way_976065810		41.9786493	21.4437415										Пушкин		park	
osm_way_991511239		41.9983153	21.436586										Парк Ибни Пајко	en	park	
osm_way_1001530500		41.9823493	21.4562837										Паркче		park	
osm_way_1002371695		41.9732966	21.4436805										Парк Кино Кисела Вода		park	
osm_way_1050809027		41.3421658	21.5574959										Шаторо	en	park	
osm_way_1083221700		41.8837921	20.867775										Uji i Tharret Negotine		park	
osm_way_1083221706		41.8781475	20.8864469										Parku i Ambulances		park	
osm_way_1083221709		41.8791549	20.8825078										Parku i Xhamise se Madhe		park	
osm_way_1083229233		41.8757461	20.890713										Parku i Xhamise Hixhri		park	
osm_way_1083507074		41.8753097	20.929594										Bellavista		park	
osm_way_1083507079		41.8958735	20.8621496										Parku i Shkolles		park	
osm_way_1167104100		41.9996666	21.4991368										Парк Триангла		park	
osm_way_1194507447		41.9943301	21.4299162										Парк Форум	en	park	
osm_way_1197292649		41.3680645	21.2489808										Градски парк	en	park	
osm_way_1264878902		41.7073811	22.8529043										Градски парк Берово		park	
osm_way_1280169750		41.4686608	22.7271478										Local Park		park	
osm_way_1282239956		41.4430439	22.6910161										Local Park		park	
osm_way_1282252322		41.9378574	21.5189726										Голем Парк		park	
osm_way_1302155093		41.9872824	21.4613018										Парк на светлината	en	park	
osm_way_1310947327		42.1054545	22.0550251										Куклица	en	park	
osm_way_1312047222		41.4348464	22.7064643										Robovo Park		park	
osm_way_1313861242		41.6974373	20.7488842										Маврово 1956	en	park	
osm_way_1327482988		42.06699	21.0280383										Епископски Двор	en	park	
osm_way_1349580676		41.3473363	21.3192805										Парк Петочница	en	park	
osm_way_1370841843		42.0044954	21.4223085										Градски парк	en	park	
osm_way_1376189356		41.1362279	22.4799216										Парк Динќут		park	
osm_way_1392190138		42.0151889	21.4581536										Парк Григор Прличев		park	
osm_way_1416543257		41.9377776	21.5328316										Феникс		park	
osm_way_1436333635		41.3412554	21.5563321										"Народен Херој
Јордан (Орде) Чопела-Кулак"	en	park	
osm_way_1449275844		41.9916057	21.5161183										Зелен парк Хиподром 2		park	
osm_way_1455155808		41.9687208	21.4492228										Парк Иднина	en	park	
osm_way_1459871036		42.0218131	22.5885515										Парк на рударите	en	park	
osm_way_1486400012		41.7200354	21.7753659										Градски парк Велес	en	park	
osm_way_1536988222		41.4835257	22.0884772										Собрание парк		park	
osm_node_2377938355		41.1049895	20.814489										Дискотека Планета		nightclub	
osm_node_2695392370		41.9951965	21.4322415										Сектор909	en	nightclub	
osm_node_2823030397		41.9946394	21.435389										Клуб „Привилиџ“		nightclub	
osm_node_3688680684		42.2070665	22.3361554										Santa-Fe / Санта Фе		nightclub	
osm_node_3695988846		41.9670793	22.7760968										City Club	en	nightclub	
osm_node_3704240315		41.9664833	22.7730375										River - Night Club	en	nightclub	
osm_node_3812500134		41.9979568	21.4240507										Balet		nightclub	
osm_node_4364363775		41.5064312	21.2151752										Dominus		nightclub	
osm_node_5136407121		42.1999191	22.3330398						Friday: 11:30-05:00	Saturday: 11:30-05:00			Дискотека ВИП	en	nightclub	
osm_node_7026834385		41.995751	21.4246156										Mezo Club	en	nightclub	
osm_node_7027089085		41.9910739	21.4255832										Станица 26	en	nightclub	
osm_node_13957844040		41.112033	20.7949458										Џез ин		nightclub	
osm_way_155686284		41.9947157	21.574497										Millenium		nightclub	
osm_way_190217752		41.9955912	21.4246878										Мамас	en	nightclub	
osm_way_233274286		41.1126203	20.8001888										The Harbour Club		nightclub	
osm_way_300510420		41.4829016	22.0904261										Акрополис		nightclub	
osm_way_477325824		42.001375	21.4222715										Џубокс	en	nightclub	
osm_way_508498676		42.0066094	21.4296748										Сектор 909		nightclub	
osm_way_581914080		41.176258	20.6719464										Оаза		nightclub	
osm_way_678001902		41.7414251	22.1890652										Терминал 7		nightclub	
osm_way_851855748		41.9048758	22.3949351										Клуб Пулс	en	nightclub	
osm_way_1177924639		41.0235442	21.340205										Расчекор	en	nightclub	
osm_way_1305390326		41.7435492	22.1866814										Cabaret Clique		nightclub	
osm_way_1429502547		42.0069613	21.4204615										Havana Summer Club		nightclub	
osm_way_1429502548		42.0068608	21.4207288										Pure Night Club		nightclub	
osm_way_1442807342		41.6531955	20.7348327										Ratrak Club		nightclub	
osm_node_373135640		41.4339576	22.0122027										Дом на културата		theatre	
osm_node_1547430034		42.1326476	21.7193518										Народен театар		theatre	
osm_node_1902620381		41.9945829	21.4312414										Театар за деца и младинци		theatre	
osm_node_1902683992		41.9932496	21.4354132										Салон 19 19		theatre	
osm_node_1902683993		42.0044767	21.4386575										Албански Театар		theatre	
osm_node_2406054226		41.4449365	22.6401054										Театар „Антон Панов“	en	theatre	
osm_node_2407039224		41.4390805	22.6363801										"НУКЦ ""Антон Панов"""		theatre	
osm_node_11965024934		42.0012836	21.4215407										Сенки и Облаци	en	theatre	
osm_node_13121086131		41.9755396	21.3744773										Летна сцена	en	theatre	
osm_way_32605278		42.0098581	20.9729681										Theater		theatre	
osm_way_32688908		41.9933858	21.431821										Дом на АРМ	en	theatre	
osm_way_32854550		41.9976217	21.4369559										Македонска Национална опера и балет	en	theatre	
osm_way_37879846		41.9164899	22.4124427										Центар на културата Бели мугри	en	theatre	
osm_way_38065297		41.0279686	21.3347265										Дом на Култура		theatre	
osm_way_158682658		42.1347667	21.7201091										Трајко Прокопиев		theatre	
osm_way_174144804	+389 2 3063 388;+389 2 3063 452	42.0022248	21.4080341										Драмски Театар		theatre	
osm_way_176159881		41.9985825	21.432367										Македонски народен театар	en	theatre	
osm_way_177461968		41.9291906	21.5228115										Три Круши		theatre	
osm_way_226161294		41.5514284	21.9746479										Антички театар	en	theatre	
osm_way_230982226		41.9975646	21.435927										Национална филхармонија	en	theatre	
osm_way_338675991		41.3344434	21.5526522										Амфитеатар	en	theatre	
osm_way_410925020		42.002157	21.4383756										Детски театарски центар		theatre	
osm_way_444881590		41.7376689	22.1983603										Народен театар - Штип		theatre	
osm_way_512073131		41.7175834	21.7762294										"Theater ""Dzhinot"" - Veles"		theatre	
osm_way_839048204		41.8643023	21.940455										Дом на културата „Крсте Петков Мисирков“	en	theatre	
osm_way_863287978		41.9195442	22.4097625										МКЦ Ленин	en	theatre	
osm_way_893110977		41.3693634	21.2466104										Васил Иљоски	en	theatre	
osm_way_901982570	+389 71 330 233	41.9944995	21.4253978										Театар Комедија	en	theatre	
osm_way_1003402263		41.1115024	20.7934589										Летна Сцена „Долни Сарај“	en	theatre	
osm_way_1050841873		41.3416426	21.5580255										Војдан Чернодрински	en	theatre	
osm_way_1241499318		41.1800599	22.7260523										Амфитеатар Стар Дојран		theatre	
osm_way_1491204131		41.7179521	21.7754243										Амфитеатар Велес	en	theatre	
osm_way_1530024257		41.1119883	20.7938662										Летна Сцена „Св. Софија“	en	theatre	
osm_node_1492311449		41.0202162	21.3220531										Павел Шатев - спортска сала		playground	
osm_node_2882653091		41.9834046	21.4868617		Monday: 09:00-18:00	Tuesday: 09:00-18:00	Wednesday: 09:00-18:00	Thursday: 09:00-18:00	Friday: 09:00-18:00				Игротека Вини Пу	en	playground	
osm_node_5075763818		41.9800516	21.45934										Игротека Калинка		playground	
osm_node_6145426782		41.9940487	21.465688										Бајка	en	playground	
osm_node_10167391817		41.9905644	21.433728										Игралиште		playground	
osm_node_13185704677		41.9649525	21.3941561										Детско игралиште		playground	
osm_way_33096295		41.9827471	21.0055317										Igraliste		playground	
osm_way_37879847		41.9156425	22.4124639										Детско игралиште Парк 1		playground	
osm_way_38003184		41.990273	21.4617613										Патрик	en	playground	
osm_way_177646846		41.9969663	21.5510279										Хотел Белви		playground	
osm_way_231952863		41.9832706	21.4778125										Детско игралиште ПЕЧУРКА		playground	
osm_way_251137734		42.0082486	21.3791886										Игралиште Влае 1		playground	
osm_way_321062361		41.9958336	21.4256343										Лулашки		playground	
osm_way_543517062		41.7150008	21.7787067										Лулашките под којник		playground	
osm_way_849623112		41.9167332	22.4105069										Детско игралиште ГТЦ		playground	
osm_way_852069422		41.9172226	22.4121534										Детско игралиште Парк 2		playground	
osm_way_999514190		41.1394456	20.7877759										Municipal playground in Orman		playground	
osm_way_1044547651		41.9327751	22.4104059										Детско игралиште „Бавчалк“		playground	
osm_way_1046246594		41.9137692	22.4053908										Детско игралиште Алекс згради	en	playground	
osm_way_1047000824		41.9595024	22.4064681										Детско игралиште Брана Гратче		playground	
osm_way_1047272740		41.9146115	22.419212										Детско игралиште кај Хемиското		playground	
osm_way_1051702494		41.922833	22.4105023										Детско игралиште Пазар		playground	
osm_way_1083221694		41.8783043	20.8872667										Park Lojrash		playground	
osm_way_1111031651		41.9921242	21.4363708										Лулашки		playground	
osm_way_1282239955		41.4394564	22.7281745										Goce Delchev Playground		playground	
